genome_id	bin_idx	bin_start	bin_stop	read_hits_std
G000436435	419	2235479	2240827	57.50072463311513
G000436435	18	90916	96264	55.410588639116014
G000436435	202	1074955	1080303	55.1029339811714
G000436435	90	475975	481323	54.35377938408086
G000436435	664	3545747	3551095	54.064775963653084
G000436435	401	2139214	2144562	53.8175931581238
G000436435	518	2764934	2770282	52.88667128870941
G000436435	153	812901	818249	52.70041113059113
G000436435	967	5166202	5171550	52.54839039716948
G000436435	17	85568	90916	51.11751167652823
G000436435	418	2230131	2235479	50.61949558552844
G000436435	324	1727415	1732763	50.36202272877186
G000436435	141	748725	754073	50.29247790011279
G000436435	790	4219600	4224948	50.143128475727686
G000436435	651	3476223	3481571	50.11985634456667
G000436435	203	1080303	1085651	49.66219219218311
G000154205	390	1835977	1840697	49.33896364267629
G000436435	948	5064590	5069938	48.99319680663156
G000436435	359	1914596	1919944	48.880807412862296
G000436435	473	2524272	2529621	48.815980989835694
G000436435	38	197877	203225	48.6449723335653
G000436435	659	3519007	3524355	48.569537778323564
G000436435	933	4984369	4989717	48.21134029803915
G000436435	593	3166037	3171385	48.07286136688766
G000436435	376	2005513	2010861	47.94788837894741
G000436435	20	101612	106960	47.87831798772105
G000436435	791	4224948	4230296	47.843494855622744
G000436435	677	3615272	3620620	47.72141378179542
G000436435	702	3748973	3754321	47.72141378179541
G000436435	248	1320964	1326312	47.46577714522327
G000436435	649	3465527	3470875	47.42713709821976
G000436435	650	3470875	3476223	47.42713709821976
G000436435	471	2513576	2518924	47.28988616325201
G000436435	409	2181998	2187346	47.258156262526086
G000436435	880	4700923	4706271	46.800997140374406
G000436435	570	3043032	3048380	46.800997140374406
G000436435	46	240661	246009	46.69403959107986
G000436435	157	834293	839641	46.60829682935575
G000436435	591	3155341	3160689	46.51881339845203
G000436435	13	64176	69524	46.184412955021955
G000436435	313	1668587	1673935	46.177194948733444
G000436435	671	3583184	3588532	46.057934531775665
G000436435	771	4117987	4123335	46.003623045726876
G000436435	853	4556526	4561874	45.981880489311585
G000436435	42	219269	224617	45.938364504337045
G000436435	247	1315616	1320964	45.92385001282014
G000436435	101	534803	540151	45.8839114868527
G000436435	665	3551095	3556443	45.829393770083115
G000436435	453	2417312	2422660	45.74203027122138
G000436435	663	3540399	3545747	45.73838650411709
G000436435	862	4604658	4610007	45.73838650411709
G000436435	789	4214252	4219600	45.654499595695206
G000436435	472	2518924	2524272	45.63259069276402
G000436435	185	984038	989386	45.54484969053398
G000436435	813	4342605	4347953	45.489925624618614
G000436435	525	2802370	2807718	45.489925624618614
G000436435	793	4235644	4240992	45.45693933090231
G000436435	152	807553	812901	45.368858629387326
G000436435	966	5160854	5166202	45.31004303683677
G000436435	201	1069607	1074955	45.09249752822894
G000436435	968	5171550	5176898	44.97036060933171
G000436435	657	3508311	3513659	44.747439405326126
G000436435	715	3818497	3823845	44.73626418615365
G000436435	259	1379793	1385141	44.63556130859489
G000436435	643	3433439	3438787	44.613152021946775
G000436435	956	5107374	5112722	44.60194315647395
G000436435	267	1422577	1427925	44.523402086243735
G000436435	903	4823928	4829276	44.50842616853577
G000436435	86	454583	459931	44.467216388406115
G000436435	753	4021723	4027071	44.467216388406115
G000436435	352	1877160	1882508	44.45597072760118
G000436435	694	3706188	3711536	44.41095960833692
G000436435	656	3502963	3508311	44.395945760846224
G000436435	524	2797022	2802370	44.395945760846224
G000436435	714	3813149	3818497	44.23799272118933
G000436435	87	459931	465279	44.230457078051245
G000436435	648	3460179	3465527	44.22668877499196
G000436435	327	1743459	1748807	44.04921490030592
G000436435	368	1962729	1968077	44.04921490030592
G000436435	142	754073	759421	43.965895873961216
G000436435	44	229965	235313	43.86342439892262
G000436435	326	1738111	1743459	43.82160806421112
G000436435	513	2738194	2743542	43.77594468807422
G000436435	885	4727663	4733011	43.71498598878879
G000436435	925	4941585	4946933	43.66157731156002
G000436435	348	1855768	1861116	43.66157731156002
G000436435	890	4754404	4759752	43.58898943540674
G000436435	579	3091164	3096512	43.55456348076513
G000436435	282	1502798	1508146	43.55456348076513
G000436435	404	2155258	2160606	43.55456348076513
G000436435	506	2700758	2706106	43.500957843860554
G000436435	930	4968325	4973673	43.485629810317796
G000436435	987	5273163	5278511	43.278170016764804
G000436435	945	5048545	5053894	43.266615305567875
G000436435	566	3021640	3026988	43.266615305567875
G000436435	287	1529538	1534886	43.24735059322517
G000436435	470	2508228	2513576	43.2087954009366
G000436435	707	3775713	3781061	43.14317249963583
G000436435	857	4577918	4583266	43.131581623368895
G000436435	658	3513659	3519007	43.09292285283048
G000436435	519	2770282	2775630	43.015501081974314
G000436435	463	2470792	2476140	43.0
G000436435	523	2791674	2797022	42.899106439800505
G000436435	41	213921	219269	42.85246006162696
G000436435	425	2267567	2272915	42.71221527073178
G000436435	380	2026905	2032253	42.67317658670374
G000436435	116	615024	620372	42.579337712087536
G000436435	175	930558	935906	42.579337712087536
G000436435	504	2690062	2695410	42.579337712087536
G000436435	932	4979021	4984369	42.5715084690845
G000436435	103	545499	550847	42.532340636273474
G000436435	43	224617	229965	42.44211744639202
G000436435	792	4230296	4235644	42.44211744639202
G000436435	14	69524	74872	42.39496825489239
G000436435	990	5289207	5294555	42.359571921034956
G000436435	165	877077	882425	42.335957923889396
G000436435	12	58828	64176	42.335957923889396
G000436435	588	3139297	3144645	42.320207938997655
G000154205	686	3233019	3237739	42.320207938997655
G000436435	314	1673935	1679283	42.2965719651132
G000436435	985	5262467	5267815	42.2532050066422
G000436435	283	1508146	1513494	42.19399641339196
G000436435	852	4551178	4556526	42.12283624512164
G000436435	551	2941419	2946767	42.035699113967404
G000436435	785	4192860	4198208	42.0039680665212
G000436435	598	3192777	3198125	42.0
G000436435	866	4626051	4631399	41.956326499508194
G000436435	96	508063	513411	41.956326499508194
G000436435	176	935906	941254	41.956326499508194
G000436435	571	3048380	3053728	41.90465367951393
G000436435	690	3684796	3690144	41.88476254359494
G000436435	788	4208904	4214252	41.7612260356422
G000436435	834	4454913	4460262	41.7612260356422
G000436435	187	994734	1000082	41.74126655161932
G000436435	456	2433356	2438704	41.617304093369626
G000436435	998	5331991	5337339	41.58525379666852
G000436435	856	4572570	4577918	41.58525379666852
G000436435	642	3428091	3433439	41.58124577258358
G000436435	599	3198125	3203473	41.58124577258358
G000436435	628	3353218	3358566	41.58124577258358
G000436435	881	4706271	4711619	41.52509281546922
G000436435	604	3224865	3230213	41.52509281546922
G000436435	904	4829276	4834624	41.52509281546922
G000436435	308	1641847	1647195	41.47690120215508
G000436435	873	4663487	4668835	41.47690120215508
G000436435	365	1946685	1952033	41.47690120215508
G000154205	892	4205285	4210005	41.428653530296316
G000436435	796	4251688	4257036	41.428653530296316
G000436435	537	2866547	2871895	41.428653530296316
G000154205	693	3266058	3270777	41.428653530296316
G000436435	991	5294555	5299903	41.40450861118066
G000436435	166	882425	887773	41.38840417314975
G000436435	474	2529621	2534969	41.356176483487125
G000436435	19	96264	101612	41.28357219685977
G000436435	931	4973673	4979021	41.25934237640408
G000436435	403	2149910	2155258	41.23509831846329
G000436435	451	2406616	2411964	41.2189276910499
G000436435	610	3256953	3262301	41.2189276910499
G000436435	674	3599228	3604576	41.10150037812894
G000436435	413	2203390	2208738	41.05281151557507
G000436435	976	5214335	5219683	40.95119045888654
G000436435	592	3160689	3166037	40.91861841916627
G000436435	72	379710	385058	40.91861841916627
G000436435	709	3786409	3791757	40.84115571332428
G000436435	332	1770199	1775547	40.84115571332428
G000436435	252	1342357	1347705	40.779897008207364
G000436435	85	449235	454583	40.70626487409524
G000436435	239	1272832	1278180	40.67349669420289
G000436435	318	1695327	1700675	40.67349669420289
G000436435	533	2845155	2850503	40.63249930782009
G000436435	302	1609758	1615106	40.63249930782009
G000436435	527	2813066	2818414	40.62429486567531
G000436435	182	967994	973342	40.611985094714754
G000436435	512	2732846	2738194	40.5010287935175
G000436435	115	609676	615024	40.463975747982715
G000436435	204	1085651	1090999	40.45161719058131
G000436435	521	2780978	2786326	40.45161719058131
G000436435	586	3128601	3133949	40.44749683231337
G000436435	514	2743542	2748890	40.44749683231337
G000436435	11	53480	58828	40.36087214122113
G000436435	220	1171219	1176567	40.27819923151149
G000436435	576	3075120	3080468	40.27819923151149
G000436435	851	4545830	4551178	40.27819923151149
G000436435	26	133700	139048	40.27819923151149
G000436435	353	1882508	1887856	40.253364248635584
G000436435	48	251357	256705	40.21608301828179
G000436435	305	1625802	1631150	40.203648258999245
G000436435	888	4743707	4749055	40.203648258999245
G000436435	98	518759	524107	40.203648258999245
G000436435	234	1246092	1251440	40.15387071420803
G000436435	369	1968077	1973425	40.11234224026316
G000436435	39	203225	208573	40.11234224026316
G000436435	879	4695575	4700923	39.95414037785488
G000436435	172	914514	919862	39.949968710876355
G000436435	206	1096347	1101695	39.949968710876355
G000436435	235	1251440	1256788	39.92910383834495
G000436435	786	4198208	4203556	39.88734135035826
G000436435	842	4497698	4503046	39.88734135035826
G000436435	452	2411964	2417312	39.88734135035826
G000436435	216	1149827	1155175	39.82880029995045
G000436435	964	5150158	5155506	39.80368492154129
G000436435	655	3497615	3502963	39.80368492154129
G000436435	306	1631150	1636499	39.80368492154129
G000436435	503	2684714	2690062	39.80368492154129
G000436435	100	529455	534803	39.80368492154129
G000436435	264	1406533	1411881	39.71565602295061
G000436435	486	2593797	2599145	39.68626966596886
G000436435	465	2481488	2486836	39.62743157628732
G000436435	754	4027071	4032419	39.62743157628732
G000436435	190	1010778	1016126	39.576929306520654
G000436435	717	3829193	3834541	39.50105483823607
G000154205	579	2728007	2732727	39.50105483823607
G000436435	562	3000248	3005596	39.50105483823607
G000436435	1000	5342687	5348037	39.50105483823607
G000436435	836	4465610	4470958	39.50105483823607
G000436435	301	1604410	1609758	39.399661589071215
G000436435	833	4449565	4454913	39.35733730830886
G000436435	830	4433521	4438869	39.344631145812
G000436435	511	2727498	2732846	39.31072796748152
G000436435	509	2716802	2722150	39.31072796748152
G000436435	617	3294390	3299738	39.31072796748152
G000436435	102	540151	545499	39.28103868280471
G000436435	354	1887856	1893204	39.272551907577046
G000436435	4	16044	21392	39.17056718166503
G000436435	315	1679283	1684631	39.153543900903784
G000436435	496	2647277	2652625	39.14502948438452
G000436435	236	1256788	1262136	39.1279950930277
G000436435	884	4722315	4727663	39.11947511576981
G000436435	111	588283	593631	39.10669166949991
G000436435	280	1492102	1497450	39.06831623366092
G000436435	373	1989469	1994817	39.05124837953327
G000436435	946	5053894	5059242	39.0042732701602
G000436435	88	465279	470627	38.97435053981015
G000436435	900	4807884	4813232	38.85013942488924
G000154205	627	2954555	2959275	38.83726732577014
G000154205	513	2416505	2421225	38.785736209763165
G000436435	54	283445	288793	38.742741255621034
G000436435	724	3866630	3871978	38.734136537856806
G000436435	947	5059242	5064590	38.68246803570492
G000436435	60	315534	320882	38.656607887052544
G000436435	555	2962811	2968159	38.591881702416806
G000436435	652	3481571	3486919	38.58756276314948
G000436435	391	2085734	2091082	38.42308333974947
G000436435	997	5326643	5331991	38.31448812133603
G000436435	914	4882756	4888104	38.27967258654825
G000154205	643	3030071	3034790	38.22302970723278
G000436435	942	5032501	5037849	38.21430796617065
G000436435	787	4203556	4208904	38.21430796617065
G000436435	15	74872	80220	38.19685850956856
G000436435	693	3700840	3706188	38.19685850956856
G000436435	284	1513494	1518842	38.19685850956856
G000436435	829	4428173	4433521	38.17503547258775
G000436435	156	828945	834293	38.13572253587616
G000436435	755	4032419	4037767	38.118237105091836
G000436435	240	1278180	1283528	38.083242158898884
G000436435	221	1176567	1181915	38.083242158898884
G000436435	740	3952198	3957546	38.083242158898884
G000436435	358	1909248	1914596	38.0
G000436435	954	5096678	5102026	38.0
G000436435	922	4925541	4930889	37.978063843926186
G000436435	497	2652625	2657973	37.872593432894625
G000154205	189	887310	892030	37.8021163428716
G000436435	541	2887939	2893287	37.8021163428716
G000436435	596	3182081	3187429	37.753587026047384
G000436435	364	1941337	1946685	37.753587026047384
G000436435	626	3342522	3347870	37.749172176353746
G000436435	366	1952033	1957381	37.72267222772003
G000436435	21	106960	112308	37.64306044943742
G000436435	479	2556361	2561709	37.64306044943742
G000436435	191	1016126	1021474	37.64306044943742
G000436435	943	5037849	5043197	37.607623340665036
G000436435	129	684548	689896	37.58102358017053
G000436435	210	1117739	1123087	37.52776749732568
G000436435	49	256705	262053	37.5099986670221
G000436435	739	3946850	3952198	37.5099986670221
G000436435	285	1518842	1524190	37.501111094650696
G000436435	572	3053728	3059076	37.469987990390386
G000436435	266	1417229	1422577	37.44774136491189
G000154205	179	840113	844832	37.43438704364389
G000436435	454	2422660	2428008	37.43438704364389
G000436435	616	3289042	3294390	37.403208418530085
G000436435	457	2438704	2444052	37.322915213043046
G000436435	629	3358566	3363914	37.31398308052001
G000436435	810	4326561	4331909	37.28717384481336
G000436435	174	925210	930558	37.242448899072144
G000436435	372	1984121	1989469	37.233497463081996
G000436435	269	1433273	1438621	37.22006627255429
G000154205	922	4346877	4351597	37.22006627255429
G000436435	923	4930889	4936237	37.20663023351259
G000436435	620	3310434	3315782	37.09896674212549
G000436435	858	4583266	4588614	37.072002014098636
G000436435	310	1652543	1657891	37.072002014098636
G000436435	62	326230	331578	37.072002014098636
G000436435	10	48132	53480	37.072002014098636
G000436435	703	3754321	3759669	37.04051835490427
G000436435	907	4845320	4850668	37.04051835490427
G000436435	296	1577670	1583018	36.96394639825858
G000436435	645	3444135	3449483	36.93688310257558
G000436435	441	2353135	2358483	36.93688310257558
G000436435	186	989386	994734	36.90979996333404
G000436435	627	3347870	3353218	36.90979996333404
G000436435	953	5091330	5096678	36.89625093872457
G000436435	367	1957381	1962729	36.864617182333525
G000436435	407	2171302	2176650	36.85557397915997
G000436435	913	4877408	4882756	36.85557397915997
G000436435	882	4711619	4716967	36.85557397915997
G000436435	357	1903900	1909248	36.82843104631711
G000436435	295	1572322	1577670	36.8284310463171
G000436435	55	288793	294141	36.77408507812714
G000436435	669	3572488	3577836	36.77408507812714
G000436435	487	2599145	2604493	36.77408507812714
G000436435	992	5299903	5305251	36.71511950137164
G000436435	408	2176650	2181998	36.67878587594378
G000436435	589	3144645	3149993	36.66515148384544
G000436435	977	5219683	5225031	36.66515148384544
G000436435	323	1722067	1727415	36.637867477970566
G000436435	692	3695492	3700840	36.637867477970566
G000436435	662	3535051	3540399	36.610563138708116
G000154205	991	4672539	4677259	36.610563138708116
G000436435	540	2882591	2887939	36.59234892706397
G000436435	219	1165871	1171219	36.59234892706397
G000436435	135	716636	721984	36.555893277737496
G000436435	603	3219517	3224865	36.555893277737496
G000436435	163	866381	871729	36.51027252705737
G000436435	559	2984204	2989552	36.50114153466071
G000436435	133	705940	711288	36.50114153466071
G000436435	747	3989634	3994982	36.47373484212075
G000436435	670	3577836	3583184	36.47373484212075
G000436435	794	4240992	4246340	36.46002377033418
G000436435	831	4438869	4444217	36.373066958946424
G000436435	384	2048297	2053645	36.363901514184825
G000436435	356	1898552	1903900	36.35014901390823
G000436435	146	775465	780813	36.35014901390823
G000436435	563	3005596	3010944	36.35014901390823
G000436435	188	1000082	1005430	36.29508690350986
G000436435	492	2625885	2631233	36.29508690350986
G000436435	982	5246423	5251771	36.29508690350986
G000436435	217	1155175	1160523	36.29049462324811
G000436435	325	1732763	1738111	36.29049462324811
G000436435	361	1925292	1930640	36.2537354397217
G000436435	53	278097	283445	36.22614157391501
G000154205	419	1972850	1977569	36.143233576055884
G000436435	844	4508394	4513742	36.11555528208494
G000436435	618	3299738	3305086	36.11555528208494
G000436435	770	4112639	4117987	36.11555528208494
G000436435	63	331578	336926	36.11555528208494
G000436435	410	2187346	2192694	36.11555528208494
G000436435	412	2198042	2203390	36.11555528208494
G000436435	534	2850503	2855851	36.11555528208494
G000436435	590	3149993	3155341	36.09709129556009
G000436435	726	3877326	3882674	36.09709129556009
G000436435	225	1197960	1203308	36.09709129556009
G000436435	811	4331909	4337257	36.09709129556009
G000436435	827	4417477	4422825	36.09709129556009
G000436435	526	2807718	2813066	36.073998022583154
G000436435	5	21392	26740	36.018513757973594
G000436435	245	1304920	1310268	35.94903800289144
G000436435	158	839641	844989	35.94903800289144
G000436435	450	2401268	2406616	35.93048844644336
G000436435	159	844989	850337	35.93048844644336
G000436435	107	566891	572239	35.93048844644336
G000436435	887	4738359	4743707	35.93048844644336
G000436435	565	3016292	3021640	35.90728802532062
G000436435	114	604328	609676	35.90728802532062
G000436435	286	1524190	1529538	35.90728802532062
G000436435	328	1748807	1754155	35.837596645608556
G000154205	123	575807	580527	35.80968211717794
G000436435	986	5267815	5273163	35.809682117177935
G000436435	22	112308	117656	35.795716689756794
G000436435	485	2588449	2593797	35.795716689756794
G000436435	224	1192612	1197960	35.725807665234576
G000436435	45	235313	240661	35.679125549822544
G000436435	993	5305251	5310599	35.679125549822544
G000436435	169	898470	903818	35.64173583501979
G000436435	799	4267732	4273080	35.59494346111537
G000436435	863	4610007	4615355	35.5715241918776
G000436435	983	5251771	5257119	35.552777669262355
G000154205	723	3407650	3412369	35.53871128783372
G000436435	113	598980	604328	35.529330606322056
G000436435	678	3620620	3625968	35.529330606322056
G000436435	522	2786326	2791674	35.510561809129406
G000436435	329	1754155	1759503	35.510561809129406
G000436435	644	3438787	3444135	35.47299442298794
G000436435	797	4257036	4262384	35.444792753426185
G000436435	411	2192694	2198042	35.369478367654786
G000436435	574	3064424	3069772	35.369478367654786
G000436435	691	3690144	3695492	35.3600527903075
G000436435	505	2695410	2700758	35.3600527903075
G000436435	189	1005430	1010778	35.3600527903075
G000436435	508	2711454	2716802	35.345909711497505
G000436435	126	668504	673852	35.27510926040249
G000436435	741	3957546	3962894	35.23256069793016
G000436435	876	4679531	4684879	35.23256069793016
G000436435	553	2952115	2957463	35.21836642056717
G000436435	237	1262136	1267484	35.21836642056717
G000436435	180	957298	962646	35.16153201061258
G000436435	722	3855933	3861281	35.156791662493895
G000436435	580	3096512	3101860	35.10460558578223
G000436435	274	1460013	1465361	35.10460558578223
G000436435	965	5155506	5160854	35.04283093587046
G000436435	752	4016375	4021723	35.019042438840806
G000436435	840	4487002	4492350	34.961884007206095
G000436435	104	550847	556195	34.94757979221642
G000436435	345	1839724	1845072	34.94757979221642
G000436435	999	5337339	5342687	34.94757979221642
G000436435	635	3390654	3396002	34.93326972004386
G000436435	385	2053645	2058993	34.87119154832539
G000436435	552	2946767	2952115	34.87119154832539
G000436435	253	1347705	1353053	34.847285881877994
G000436435	334	1780895	1786244	34.789845261704365
G000436435	424	2262219	2267567	34.77067730142742
G000436435	363	1935989	1941337	34.698703145794944
G000436435	40	208573	213921	34.64101615137755
G000436435	577	3080468	3085816	34.64101615137755
G000154205	601	2831842	2836561	34.64101615137755
G000436435	685	3658056	3663404	34.597687784012386
G000436435	91	481323	486671	34.597687784012386
G000154205	687	3237739	3242459	34.530180036213736
G000436435	420	2240827	2246175	34.53018003621373
G000436435	303	1615106	1620454	34.50120770833006
G000154205	572	2694969	2699689	34.42867022313429
G000436435	733	3914762	3920110	34.39476704383968
G000436435	243	1294224	1299572	34.39476704383968
G000436435	61	320882	326230	34.26854728950927
G000436435	928	4957629	4962977	34.19551627528576
G000436435	544	2903983	2909331	34.151622704248375
G000154205	210	986425	991144	34.122328955294556
G000436435	874	4668835	4674183	34.11744421846396
G000436435	510	2722150	2727498	34.06366588218792
G000154205	1	0	4719	34.044089061098404
G000436435	150	796857	802205	34.044089061098404
G000436435	935	4995065	5000413	34.019602192461534
G000436435	154	818249	823597	34.019602192461534
G000436435	575	3069772	3075120	34.019602192461534
G000436435	460	2454748	2460096	33.95585369269929
G000154205	603	2841281	2846001	33.95585369269929
G000436435	877	4684879	4690227	33.95585369269929
G000436435	281	1497450	1502798	33.842773723992146
G000154205	914	4309119	4313839	33.827996294982256
G000436435	846	4519090	4524438	33.827996294982256
G000436435	573	3059076	3064424	33.827996294982256
G000436435	52	272749	278097	33.77869150810907
G000436435	578	3085816	3091164	33.77869150810907
G000436435	469	2502880	2508228	33.77869150810907
G000436435	894	4775796	4781144	33.724372986511305
G000436435	921	4920193	4925541	33.6501609703926
G000436435	564	3010944	3016292	33.645207682521445
G000436435	132	700592	705940	33.6204302966713
G000436435	902	4818580	4823928	33.50124375800596
G000154205	575	2709129	2713848	33.50124375800596
G000436435	934	4989717	4995065	33.47138081007913
G000436435	355	1893204	1898552	33.47138081007913
G000436435	184	978690	984038	33.45145736735546
G000436435	467	2492184	2497532	33.45145736735546
G000436435	927	4952281	4957629	33.45145736735546
G000436435	944	5043197	5048545	33.45145736735546
G000436435	227	1208656	1214004	33.421549934136806
G000436435	865	4620703	4626051	33.406586176980134
G000436435	869	4642095	4647443	33.38163167571851
G000436435	872	4658139	4663487	33.30665599145812
G000154205	898	4233604	4238323	33.30665599145812
G000154205	532	2506180	2510900	33.291640592396966
G000436435	381	2032253	2037601	33.28663395418648
G000436435	218	1160523	1165871	33.28663395418648
G000436435	732	3909414	3914762	33.201405592735576
G000436435	436	2326395	2331743	33.201405592735576
G000436435	233	1240744	1246092	33.18132004607411
G000436435	265	1411881	1417229	33.17127271199182
G000436435	350	1866464	1871812	33.15116890850155
G000436435	723	3861281	3866630	33.08070938376826
G000436435	697	3722233	3727581	33.06055050963308
G000436435	719	3839889	3845237	33.00505011863084
G000436435	712	3802453	3807801	33.00505011863084
G000436435	349	1861116	1866464	33.00505011863084
G000436435	955	5102026	5107374	32.96968304366907
G000154205	413	1944531	1949251	32.96968304366907
G000436435	337	1796940	1802288	32.96968304366907
G000436435	490	2615189	2620537	32.929217016706204
G000436435	952	5085982	5091330	32.929217016706204
G000154205	792	3733311	3738031	32.92415526630866
G000436435	689	3679448	3684796	32.92415526630866
G000154205	130	608846	613565	32.92415526630866
G000436435	634	3385306	3390654	32.90896534380867
G000436435	654	3492267	3497615	32.88363321370273
G000436435	909	4856016	4861364	32.88363321370273
G000436435	226	1203308	1208656	32.88363321370273
G000436435	333	1775547	1780895	32.86842456421258
G000154205	930	4384635	4389355	32.74650108535771
G000436435	819	4374693	4380041	32.74650108535771
G000154205	483	2274913	2279632	32.74650108535771
G000436435	50	262053	267401	32.74650108535771
G000436435	442	2358483	2363831	32.7414110874898
G000436435	483	2577753	2583101	32.7414110874898
G000154205	688	3242459	3247179	32.715949219506584
G000436435	110	582935	588283	32.715949219506584
G000436435	433	2310351	2315699	32.69556544854363
G000154205	949	4474310	4479030	32.69556544854363
G000436435	821	4385389	4390737	32.69556544854363
G000436435	70	369014	374362	32.65475973473597
G000436435	556	2968159	2973508	32.65475973473597
G000154205	376	1769901	1774621	32.65475973473597
G000436435	23	117656	123004	32.65475973473597
G000154205	40	184069	188789	32.65475973473596
G000436435	317	1689979	1695327	32.593455375785695
G000436435	241	1283528	1288876	32.51666239535253
G000436435	414	2208738	2214086	32.51666239535253
G000436435	727	3882674	3888022	32.516662395352526
G000436435	223	1187263	1192612	32.516662395352526
G000436435	207	1101695	1107043	32.51153641401772
G000154205	172	807075	811794	32.47049943153529
G000154205	744	3506764	3511484	32.47049943153529
G000154205	682	3214140	3218860	32.39341496868358
G000436435	495	2641929	2647277	32.357379374726875
G000436435	957	5112722	5118070	32.34707611722168
G000154205	709	3341573	3346293	32.34707611722168
G000154205	927	4370476	4375196	32.34707611722168
G000154205	869	4096731	4101451	32.331615074619044
G000436435	268	1427925	1433273	32.331615074619044
G000436435	585	3123253	3128601	32.331615074619044
G000154205	414	1949251	1953971	32.331615074619044
G000436435	870	4647443	4652791	32.316146634976974
G000154205	7	28318	33038	32.316146634976974
G000154205	530	2496740	2501460	32.31614663497697
G000154205	118	552209	556928	32.2335229225724
G000154205	745	3511484	3516204	32.18695387886216
G000436435	688	3674100	3679448	32.14031735997639
G000436435	484	2583101	2588449	32.129944496269104
G000436435	294	1566974	1572322	32.129944496269104
G000436435	949	5069938	5075286	32.08322510804257
G000154205	685	3228300	3233019	32.07802986469088
G000436435	449	2395920	2401268	32.00520790954705
G000436435	360	1919944	1925292	31.953090617340916
G000436435	988	5278511	5283859	31.953090617340916
G000436435	27	139048	144396	31.879983270593687
G000436435	362	1930640	1935989	31.879983270593687
G000436435	981	5241075	5246423	31.76476034853718
G000436435	560	2989552	2994900	31.74901573277509
G000436435	554	2957463	2962811	31.74901573277509
G000436435	79	417146	422494	31.722757341273685
G000154205	217	1019463	1024182	31.65964834506747
G000154205	552	2600575	2605294	31.65964834506747
G000436435	594	3171385	3176733	31.659648345067467
G000154205	343	1614150	1618869	31.6280466253187
G000436435	140	743377	748725	31.628046625318696
G000436435	238	1267484	1272832	31.564748269760262
G000154205	825	3889063	3893783	31.564748269760262
G000436435	73	385058	390406	31.564748269760262
G000436435	222	1181915	1187263	31.56474826976026
G000436435	728	3888022	3893370	31.56474826976026
G000436435	731	3904066	3909414	31.533051443419385
G000436435	597	3187429	3192777	31.50132272355136
G000154205	824	3884343	3889063	31.46956201368766
G000436435	68	358318	363666	31.432467291003423
G000436435	734	3920110	3925458	31.432467291003423
G000154205	725	3417089	3421809	31.432467291003423
G000436435	97	513411	518759	31.374086972106987
G000154205	931	4389355	4394075	31.374086972106987
G000436435	615	3283694	3289042	31.374086972106987
G000154205	384	1807659	1812379	31.374086972106983
G000436435	155	823597	828945	31.342197327777345
G000436435	89	470627	475975	31.32091952673165
G000436435	969	5176898	5182246	31.214312956291913
G000436435	466	2486836	2492184	31.192947920964443
G000436435	950	5075286	5080634	31.192947920964443
G000436435	738	3941502	3946850	31.182259913824932
G000436435	99	524107	529455	31.182259913824932
G000154205	288	1354564	1359284	31.13411847689498
G000154205	338	1590551	1595271	31.0859024854247
G000154205	668	3148064	3152784	31.085902485424697
G000436435	646	3449483	3454831	31.021497922139954
G000154205	105	490852	495572	31.00537587795596
G000436435	602	3214169	3219517	31.0
G000436435	751	4011027	4016375	31.0
G000436435	891	4759752	4765100	31.0
G000154205	339	1595271	1599990	30.989245446337243
G000436435	569	3037684	3043032	30.98924544633724
G000436435	215	1144479	1149827	30.924639582917266
G000436435	143	759421	764769	30.924639582917266
G000436435	545	2909331	2914679	30.89228598426043
G000436435	899	4802536	4807884	30.89228598426043
G000436435	244	1299572	1304920	30.89228598426043
G000154205	35	160471	165190	30.827476921300796
G000154205	916	4318559	4323279	30.827476921300796
G000436435	205	1090999	1096347	30.805843601498726
G000436435	179	951950	957298	30.789608636681304
G000154205	418	1968130	1972850	30.789608636681304
G000436435	435	2321047	2326395	30.6648550189518
G000436435	672	3588532	3593880	30.664855018951798
G000436435	437	2331743	2337091	30.664855018951798
G000154205	728	3431248	3435968	30.664855018951798
G000436435	78	411798	417146	30.61590000854676
G000154205	800	3771069	3775789	30.599564267050166
G000436435	547	2920027	2925375	30.512292604784715
G000436435	889	4749055	4754404	30.512292604784715
G000436435	455	2428008	2433356	30.512292604784715
G000436435	178	946602	951950	30.512292604784715
G000436435	167	887773	893122	30.512292604784715
G000436435	841	4492350	4497698	30.43572462310259
G000436435	587	3133949	3139297	30.43572462310259
G000154205	628	2959275	2963994	30.43572462310259
G000436435	71	374362	379710	30.4138126514911
G000436435	112	593631	598980	30.369941279714936
G000154205	826	3893783	3898502	30.369941279714936
G000436435	854	4561874	4567222	30.35347316755256
G000154205	918	4327998	4332718	30.347981810987037
G000154205	186	873151	877871	30.347981810987037
G000154205	245	1151615	1156335	30.315012782448235
G000154205	574	2704409	2709129	30.315012782448235
G000154205	187	877871	882590	30.315012782448235
G000436435	675	3604576	3609924	30.28751117760146
G000154205	670	3157504	3162223	30.28751117760146
G000436435	309	1647195	1652543	30.2709982216202
G000436435	448	2390572	2395920	30.237945256470937
G000436435	292	1556278	1561626	30.237945256470937
G000436435	661	3529703	3535051	30.237945256470937
G000436435	835	4460262	4465610	30.237945256470937
G000436435	75	395754	401102	30.13856886670854
G000436435	647	3454831	3460179	30.105370506494907
G000436435	493	2631233	2636581	30.088757590391356
G000436435	978	5225031	5230379	30.072135496724094
G000436435	127	673852	679200	30.072135496724094
G000154205	473	2227715	2232435	30.072135496724094
G000154205	873	4115610	4120330	30.04995840263344
G000436435	94	497367	502715	30.04995840263344
G000154205	645	3039510	3044230	30.04995840263344
G000154205	926	4365756	4370476	30.038863715748857
G000436435	843	4503046	4508394	30.0055550412475
G000154205	948	4469590	4474310	30.0055550412475
G000154205	870	4101451	4106171	30.0055550412475
G000436435	605	3230213	3235561	29.955522584881294
G000436435	502	2679366	2684714	29.955522584881294
G000436435	242	1288876	1294224	29.938826518975876
G000436435	311	1657891	1663239	29.90540642314251
G000436435	536	2861199	2866547	29.90540642314251
G000436435	322	1716719	1722067	29.871948937646057
G000436435	561	2994900	3000248	29.866369046136157
G000154205	973	4587584	4592304	29.83845393671283
G000154205	943	4445992	4450711	29.816103031751148
G000436435	711	3797105	3802453	29.771350881902105
G000436435	351	1871812	1877160	29.737742572921256
G000154205	749	3530363	3535083	29.737742572921256
G000154205	269	1264889	1269609	29.715315916207253
G000154205	908	4280801	4285521	29.70409623828561
G000436435	538	2871895	2877243	29.704096238285608
G000436435	109	577587	582935	29.704096238285608
G000436435	783	4182164	4187512	29.704096238285608
G000436435	608	3246257	3251605	29.687258770949757
G000154205	213	1000584	1005303	29.67041174863155
G000436435	312	1663239	1668587	29.597297173897484
G000436435	539	2877243	2882591	29.597297173897484
G000154205	967	4559265	4563985	29.546573405388315
G000154205	470	2213556	2218276	29.546573405388315
G000154205	89	415336	420056	29.546573405388315
G000436435	630	3363914	3369262	29.512709126747414
G000436435	996	5321295	5326643	29.46183972531247
G000154205	417	1963410	1968130	29.444863728670914
G000436435	138	732680	738028	29.399546481762833
G000436435	601	3208821	3214169	29.36551265231604
G000436435	883	4716967	4722315	29.36551265231604
G000154205	827	3898502	3903222	29.36551265231604
G000154205	557	2624173	2628893	29.30870177950569
G000436435	828	4422825	4428173	29.26317367158479
G000436435	64	336926	342274	29.26317367158479
G000154205	244	1146896	1151615	29.26317367158479
G000154205	838	3950419	3955139	29.206163733020468
G000154205	807	3804108	3808827	29.19474838619667
G000154205	90	420056	424776	29.160475533388226
G000154205	66	306782	311502	29.160475533388226
G000436435	304	1620454	1625802	29.143323992525858
G000436435	488	2604493	2609841	29.143323992525858
G000436435	214	1139131	1144479	29.143323992525858
G000154205	306	1439519	1444239	29.143323992525858
G000154205	837	3945700	3950419	29.13760456866693
G000436435	609	3251605	3256953	29.13760456866693
G000154205	794	3742751	3747471	29.103264421710495
G000436435	958	5118070	5123418	29.103264421710495
G000154205	205	962826	967546	29.0516780926679
G000154205	453	2133321	2138040	29.022979401386987
G000436435	177	941254	946602	29.022979401386987
G000154205	616	2902638	2907357	29.022979401386987
G000154205	724	3412369	3417089	29.005746557076122
G000436435	951	5080634	5085982	28.988503468329185
G000154205	192	901469	906189	28.930952282978865
G000436435	183	973342	978690	28.930952282978865
G000436435	749	4000330	4005678	28.867513459481287
G000436435	808	4315865	4321213	28.867513459481287
G000154205	342	1609430	1614150	28.844410203711913
G000154205	577	2718568	2723288	28.827070610799147
G000436435	468	2497532	2502880	28.827070610799147
G000154205	984	4639501	4644221	28.746014216467184
G000436435	875	4674183	4679531	28.746014216467184
G000436435	989	5283859	5289207	28.74601421646718
G000436435	994	5310599	5315947	28.74601421646718
G000154205	614	2893198	2897918	28.728615235220325
G000436435	164	871729	877077	28.711205710198474
G000154205	988	4658380	4663100	28.676354952004157
G000154205	921	4342158	4346877	28.61817604250837
G000436435	901	4813232	4818580	28.58904218985542
G000154205	201	943947	948667	28.583211855912904
G000154205	714	3365172	3369892	28.583211855912904
G000436435	920	4914845	4920193	28.571547618799606
G000154205	15	66076	70796	28.571547618799606
G000154205	966	4554546	4559265	28.571547618799602
G000436435	886	4733011	4738359	28.53652630109932
G000154205	285	1340405	1345125	28.53652630109932
G000154205	499	2350429	2355148	28.53652630109932
G000436435	371	1978773	1984121	28.53652630109932
G000154205	333	1566952	1571672	28.53652630109932
G000436435	297	1583018	1588366	28.53652630109932
G000436435	800	4273080	4278428	28.5014619508076
G000436435	106	561543	566891	28.5014619508076
G000436435	613	3272998	3278346	28.478061731796284
G000154205	702	3308535	3313255	28.478061731796284
G000436435	520	2775630	2780978	28.478061731796284
G000154205	821	3870184	3874904	28.448784391135824
G000436435	417	2224782	2230131	28.37839553839035
G000154205	203	953386	958106	28.37839553839035
G000436435	924	4936237	4941585	28.37839553839035
G000154205	135	632444	637164	28.360771028541052
G000154205	819	3860744	3865464	28.36077102854105
G000154205	248	1165775	1170494	28.36077102854105
G000154205	642	3025351	3030071	28.307831660749525
G000154205	564	2657211	2661931	28.290163190291665
G000436435	258	1374445	1379793	28.29016319029166
G000154205	209	981705	986425	28.29016319029166
G000436435	528	2818414	2823763	28.29016319029166
G000154205	735	3464286	3469006	28.219378684395824
G000154205	691	3256618	3261338	28.219378684395824
G000436435	130	689896	695244	28.21937868439582
G000436435	402	2144562	2149910	28.148416178061126
G000154205	480	2260754	2265473	28.112867753634337
G000154205	33	151031	155751	28.112867753634337
G000436435	76	401102	406450	28.095076674273972
G000436435	396	2112474	2117822	28.09507667427397
G000154205	44	202948	207668	28.04163571073081
G000154205	134	627725	632444	28.023799409311604
G000154205	336	1581111	1585831	28.005951748393297
G000436435	475	2534969	2540317	28.005951748393294
G000154205	746	3516204	3520923	28.00595174839329
G000154205	641	3020631	3025351	28.0
G000154205	6	23598	28318	28.0
G000154205	340	1599990	1604710	27.97022226106424
G000436435	25	128352	133700	27.934447074057744
G000436435	710	3791757	3797105	27.934447074057744
G000436435	478	2551013	2556361	27.874719729532707
G000436435	908	4850668	4856016	27.79088579612628
G000436435	557	2973508	2978856	27.790885796126275
G000436435	134	711288	716636	27.790885796126275
G000436435	170	903818	909166	27.75487945088815
G000154205	547	2576976	2581696	27.730849247724095
G000154205	729	3435968	3440688	27.730849247724095
G000154205	599	2822402	2827122	27.730849247724095
G000154205	41	188789	193509	27.646579052991953
G000154205	851	4011776	4016496	27.64657905299195
G000154205	375	1765181	1769901	27.622454633866266
G000436435	595	3176733	3182081	27.622454633866266
G000154205	512	2411785	2416505	27.592269448766505
G000154205	292	1373443	1378163	27.53785273643051
G000154205	968	4563985	4568705	27.53785273643051
G000436435	746	3984286	3989634	27.501515109777742
G000436435	716	3823845	3829193	27.49545416973504
G000154205	536	2525059	2529779	27.465129406819358
G000154205	297	1397042	1401761	27.465129406819354
G000154205	319	1500876	1505596	27.465129406819354
G000154205	777	3662515	3667235	27.42869543622761
G000436435	687	3668752	3674100	27.42869543622761
G000154205	638	3006472	3011192	27.42869543622761
G000154205	391	1840697	1845417	27.42869543622761
G000154205	36	165190	169910	27.42869543622761
G000154205	689	3247179	3251898	27.42869543622761
G000154205	273	1283768	1288488	27.40437921208944
G000436435	905	4834624	4839972	27.392213005402343
G000154205	797	3756910	3761630	27.392213005402343
G000436435	676	3609924	3615272	27.319101986217138
G000436435	718	3834541	3839889	27.319101986217138
G000436435	335	1786244	1791592	27.319101986217138
G000154205	817	3851305	3856025	27.300793639257694
G000154205	409	1925652	1930372	27.300793639257694
G000154205	524	2468422	2473142	27.227437142216182
G000154205	791	3728592	3733311	27.227437142216182
G000154205	941	4436552	4441272	27.2213151776324
G000436435	535	2855851	2861199	27.2213151776324
G000154205	185	868431	873151	27.209067116190024
G000154205	518	2440104	2444823	27.209067116190024
G000436435	370	1973425	1978773	27.184554438136374
G000154205	866	4082572	4087292	27.15388247255507
G000154205	924	4356317	4361036	27.13546265191241
G000154205	989	4663100	4667819	27.098585448936877
G000154205	272	1279048	1283768	27.073972741361768
G000436435	390	2080386	2085734	27.073972741361768
G000154205	246	1156335	1161055	27.073972741361768
G000436435	619	3305086	3310434	27.061657993059725
G000154205	164	769317	774036	27.061657993059725
G000154205	900	4243043	4247763	27.055498516937366
G000436435	706	3770365	3775713	26.950572040929544
G000154205	553	2605294	2610014	26.90724809414742
G000154205	176	825953	830673	26.888659319497503
G000436435	494	2636581	2641929	26.85764943797825
G000154205	971	4578144	4582864	26.857649437978246
G000154205	754	3553961	3558681	26.857649437978246
G000436435	979	5230379	5235727	26.851443164195103
G000154205	986	4648940	4653660	26.851443164195103
G000154205	540	2543938	2548657	26.839026311200886
G000436435	820	4380041	4385389	26.839026311200882
G000436435	246	1310268	1315616	26.764404221527766
G000154205	611	2879039	2883759	26.764404221527766
G000436435	784	4187512	4192860	26.727015047201462
G000154205	632	2978154	2982873	26.72701504720146
G000154205	721	3398210	3402930	26.664583251946766
G000436435	798	4262384	4267732	26.664583251946766
G000154205	280	1316806	1321526	26.652079343520896
G000436435	638	3406698	3412046	26.63331247391757
G000436435	59	310186	315534	26.627053911388696
G000154205	544	2562817	2567536	26.576932353703526
G000436435	105	556195	561543	26.539279065817393
G000436435	379	2021557	2026905	26.514147167125703
G000154205	905	4266642	4271361	26.501572280401277
G000154205	719	3388771	3393490	26.501572280401277
G000154205	548	2581696	2586415	26.501572280401277
G000154205	128	599406	604126	26.501572280401277
G000154205	915	4313839	4318559	26.501572280401277
G000436435	855	4567222	4572570	26.407069760451147
G000436435	108	572239	577587	26.388128644019705
G000154205	573	2699689	2704409	26.312227829154516
G000154205	597	2812963	2817682	26.312227829154516
G000154205	738	3478446	3483165	26.312227829154516
G000436435	47	246009	251357	26.312227829154512
G000154205	947	4464871	4469590	26.312227829154512
G000436435	763	4075203	4080551	26.312227829154512
G000154205	938	4422393	4427113	26.28687885618983
G000154205	131	613565	618285	26.28687885618983
G000436435	124	657808	663156	26.28687885618983
G000154205	952	4488469	4493189	26.28687885618983
G000436435	892	4765100	4770448	26.27419519858474
G000436435	16	80220	85568	26.27419519858474
G000154205	371	1746302	1751022	26.27419519858474
G000154205	77	358700	363419	26.27419519858474
G000436435	147	780813	786161	26.229754097208
G000154205	833	3926821	3931540	26.153393661244042
G000436435	795	4246340	4251688	26.153393661244042
G000154205	49	226547	231267	26.153393661244042
G000154205	923	4351597	4356317	26.102362600602525
G000154205	776	3657796	3662515	26.102362600602522
G000154205	993	4681979	4686698	26.102362600602522
G000436435	995	5315947	5321295	26.102362600602522
G000436435	434	2315699	2321047	26.083200212652844
G000154205	515	2425944	2430664	26.083200212652844
G000154205	219	1028902	1033622	26.057628441590765
G000154205	760	3582280	3587000	26.0
G000154205	661	3115026	3119746	26.0
G000154205	75	349260	353980	25.98076211353316
G000154205	197	925068	929788	25.98076211353316
G000154205	990	4667819	4672539	25.942243542145693
G000154205	606	2855440	2860160	25.92939130279254
G000154205	377	1774621	1779340	25.92939130279254
G000154205	840	3959859	3964579	25.92939130279254
G000154205	871	4106171	4110890	25.890796305508516
G000154205	753	3549242	3553961	25.865034312755125
G000154205	514	2421225	2425944	25.813433195399124
G000154205	400	1883175	1887894	25.81343319539912
G000154205	332	1562232	1566952	25.81343319539912
G000436435	447	2385224	2390572	25.794056162870806
G000436435	388	2069689	2075037	25.794056162870806
G000436435	742	3962894	3968242	25.794056162870806
G000436435	330	1759503	1764851	25.794056162870802
G000436435	653	3486919	3492267	25.77466456296441
G000154205	660	3110306	3115026	25.73583752927682
G000154205	707	3332134	3336854	25.73583752927682
G000154205	655	3086707	3091427	25.73583752927682
G000436435	257	1369097	1374445	25.716402029314544
G000154205	450	2119161	2123881	25.709920264364882
G000436435	501	2674018	2679366	25.696951829610715
G000154205	559	2633613	2638332	25.69695182961071
G000154205	200	939227	943947	25.69695182961071
G000154205	539	2539218	2543938	25.69695182961071
G000436435	803	4289124	4294472	25.69695182961071
G000154205	950	4479030	4483750	25.632011235952593
G000436435	415	2214086	2219434	25.579940057266224
G000154205	434	2043646	2048365	25.540817005987364
G000436435	531	2834459	2839807	25.540817005987364
G000154205	420	1977569	1982289	25.540817005987364
G000154205	644	3034790	3039510	25.540817005987364
G000436435	548	2925375	2930723	25.540817005987364
G000436435	926	4946933	4952281	25.534290669607408
G000436435	482	2572405	2577753	25.534290669607408
G000154205	809	3813547	3818267	25.534290669607408
G000154205	45	207668	212388	25.534290669607408
G000436435	666	3556443	3561791	25.534290669607408
G000154205	387	1821818	1826538	25.534290669607408
G000436435	74	390406	395754	25.514701644346147
G000436435	936	5000413	5005761	25.423086620891127
G000154205	600	2827122	2831842	25.423086620891123
G000154205	177	830673	835393	25.38372181799457
G000154205	193	906189	910909	25.383721817994566
G000154205	16	70796	75515	25.357444666211933
G000154205	271	1274328	1279048	25.357444666211933
G000154205	12	51917	56636	25.32455988429677
G000154205	798	3761630	3766350	25.32455988429677
G000154205	595	2803523	2808243	25.32455988429677
G000154205	703	3313255	3317975	25.238858928247925
G000154205	308	1448959	1453678	25.15949125081825
G000154205	698	3289656	3294376	25.15949125081825
G000154205	718	3384051	3388771	25.15949125081825
G000154205	352	1656627	1661347	25.15949125081825
G000154205	556	2619454	2624173	25.15949125081825
G000154205	867	4087292	4092011	25.146238950056397
G000154205	961	4530947	4535667	25.146238950056393
G000154205	68	316222	320942	25.146238950056393
G000154205	206	967546	972265	25.11971337416094
G000436435	567	3026988	3032336	25.11971337416094
G000154205	101	471973	476693	25.11971337416094
G000154205	99	462534	467253	25.106440076867393
G000154205	282	1326246	1330965	25.059928172283335
G000436435	136	721984	727332	25.026652459594615
G000154205	202	948667	953386	25.026652459594615
G000154205	591	2784644	2789364	25.006665778014735
G000154205	529	2492021	2496740	25.006665778014735
G000154205	543	2558097	2562817	25.006665778014735
G000154205	972	4582864	4587584	25.006665778014735
G000436435	762	4069855	4075203	24.98666310921355
G000154205	629	2963994	2968714	24.979991993593593
G000154205	147	689081	693801	24.979991993593593
G000154205	50	231267	235986	24.94660965609021
G000436435	558	2978856	2984204	24.906491790963525
G000154205	100	467253	471973	24.90649179096352
G000436435	128	679200	684548	24.879710609249457
G000436435	293	1561626	1566974	24.879710609249457
G000154205	756	3563401	3568121	24.879710609249457
G000436435	374	1994817	2000165	24.879710609249457
G000154205	940	4431833	4436552	24.846193538112296
G000154205	281	1321526	1326246	24.846193538112296
G000154205	977	4606463	4611183	24.826061575153908
G000154205	534	2515619	2520339	24.826061575153908
G000154205	720	3393490	3398210	24.826061575153908
G000436435	868	4636747	4642095	24.826061575153908
G000154205	891	4200565	4205285	24.78574859336174
G000154205	484	2279632	2284352	24.78574859336174
G000154205	204	958106	962826	24.785748593361735
G000154205	815	3841865	3846585	24.785748593361735
G000154205	309	1453678	1458398	24.758836806279895
G000154205	658	3100867	3105586	24.704925284917042
G000154205	958	4516788	4521508	24.684678108764825
G000154205	517	2435384	2440104	24.664414311581236
G000154205	987	4653660	4658380	24.664414311581236
G000154205	796	3752190	3756910	24.664414311581236
G000436435	698	3727581	3732929	24.63736998950984
G000154205	878	4139209	4143929	24.583192089989726
G000154205	795	3747471	3752190	24.583192089989726
G000154205	765	3605879	3610598	24.583192089989726
G000154205	610	2874319	2879039	24.583192089989723
G000154205	662	3119746	3124465	24.576411454889016
G000154205	107	500292	505011	24.55605831561735
G000154205	104	486132	490852	24.54248017893329
G000154205	816	3846585	3851305	24.54248017893329
G000154205	73	339821	344540	24.440403706431145
G000436435	581	3101860	3107208	24.43358344574123
G000154205	276	1297927	1302647	24.419937209856485
G000436435	543	2898635	2903983	24.419937209856485
G000154205	424	1996448	2001168	24.419937209856485
G000436435	668	3567140	3572488	24.37895267096873
G000154205	778	3667235	3671955	24.378952670968726
G000154205	472	2222996	2227715	24.378952670968726
G000154205	899	4238323	4243043	24.33789911502908
G000154205	894	4214725	4219444	24.331050121192877
G000154205	270	1269609	1274328	24.331050121192877
G000436435	168	893122	898470	24.269322199023193
G000436435	775	4139379	4144727	24.269322199023193
G000154205	976	4601743	4606463	24.269322199023193
G000154205	549	2586415	2591135	24.269322199023193
G000154205	820	3865464	3870184	24.24871130596428
G000154205	561	2643052	2647772	24.214320831552
G000436435	51	267401	272749	24.172987679087857
G000154205	274	1288488	1293207	24.172987679087857
G000436435	131	695244	700592	24.13158373031769
G000436435	941	5027153	5032501	24.11085509336683
G000154205	175	821234	825953	24.090108620206205
G000436435	612	3267649	3272998	24.00694344004112
G000154205	87	405897	410617	24.006943440041116
G000154205	304	1430080	1434800	24.006943440041116
G000436435	845	4513742	4519090	24.006943440041116
G000154205	580	2732727	2737447	24.006943440041116
G000436435	458	2444052	2449400	24.006943440041116
G000436435	139	738028	743377	23.96525262402492
G000154205	145	679642	684361	23.96525262402492
G000154205	402	1892614	1897334	23.96525262402492
G000154205	831	3917381	3922101	23.96525262402492
G000154205	913	4304400	4309119	23.86070689089771
G000154205	605	2850721	2855440	23.86070689089771
G000436435	929	4962977	4968325	23.86070689089771
G000436435	37	192529	197877	23.86070689089771
G000154205	448	2109722	2114442	23.86070689089771
G000154205	22	99114	103834	23.860706890897706
G000436435	822	4390737	4396085	23.860706890897706
G000154205	925	4361036	4365756	23.860706890897706
G000154205	83	387018	391738	23.860706890897706
G000436435	744	3973590	3978938	23.811761799581316
G000154205	447	2105002	2109722	23.75570107012911
G000154205	315	1481997	1486717	23.75570107012911
G000154205	763	3596439	3601159	23.75570107012911
G000154205	701	3303815	3308535	23.713568549109883
G000436435	375	2000165	2005513	23.71356854910988
G000154205	637	3001752	3006472	23.671361036774655
G000154205	511	2407065	2411785	23.671361036774655
G000154205	956	4507348	4512068	23.643180835073778
G000154205	818	3856025	3860744	23.62907813126304
G000154205	452	2128601	2133321	23.62907813126304
G000154205	969	4568705	4573425	23.57965224510319
G000154205	446	2100282	2105002	23.57965224510319
G000154205	830	3912661	3917381	23.515952032609693
G000154205	508	2392906	2397626	23.515952032609693
G000436435	847	4524438	4529786	23.501772982763093
G000154205	425	2001168	2005888	23.459184413217212
G000436435	491	2620537	2625885	23.459184413217212
G000154205	695	3275497	3280217	23.45918441321721
G000154205	426	2005888	2010607	23.45918441321721
G000436435	878	4690227	4695575	23.45918441321721
G000154205	585	2756326	2761046	23.45918441321721
G000154205	799	3766350	3771069	23.437861108329262
G000154205	144	674922	679642	23.437861108329262
G000154205	814	3837146	3841865	23.430749027719962
G000154205	495	2331550	2336269	23.35237318418266
G000436435	279	1486754	1492102	23.352373184182657
G000436435	307	1636499	1641847	23.352373184182657
G000436435	743	3968242	3973590	23.352373184182657
G000154205	247	1161055	1165775	23.302360395462088
G000436435	532	2839807	2845155	23.302360395462088
G000154205	801	3775789	3780509	23.302360395462088
G000154205	489	2303231	2307951	23.288051299611425
G000154205	560	2638332	2643052	23.28805129961142
G000154205	522	2458982	2463702	23.28805129961142
G000436435	440	2347787	2353135	23.259406699226016
G000154205	392	1845417	1850136	23.259406699226016
G000154205	449	2114442	2119161	23.259406699226016
G000154205	995	4691418	4696138	23.24507116214819
G000154205	681	3209421	3214140	23.245071162148186
G000154205	546	2572256	2576976	23.18045153428495
G000154205	53	245426	250146	23.18045153428495
G000154205	954	4497909	4502629	23.180451534284945
G000154205	861	4058973	4063693	23.180451534284945
G000154205	519	2444823	2449543	23.15887159024233
G000154205	286	1345125	1349844	23.15887159024233
G000154205	174	816514	821234	23.158871590242327
G000154205	970	4573425	4578144	23.158871590242327
G000154205	479	2256034	2260754	23.115651263447745
G000436435	757	4043115	4048463	23.115651263447745
G000436435	28	144396	149745	23.115651263447745
G000154205	379	1784060	1788780	23.072349974229617
G000154205	490	2307951	2312671	23.072349974229613
G000154205	775	3653076	3657796	23.065125189341593
G000436435	24	123004	128352	23.065125189341593
G000154205	730	3440688	3445408	23.065125189341593
G000154205	243	1142176	1146896	23.065125189341593
G000154205	215	1010023	1014743	23.028967265887832
G000154205	264	1241290	1246010	23.007245235649865
G000154205	275	1293207	1297927	22.94195574342635
G000154205	78	363419	368139	22.898325994127458
G000154205	290	1364003	1368723	22.869193252058544
G000154205	485	2284352	2289072	22.869193252058544
G000436435	181	962646	967994	22.854612955229264
G000154205	34	155751	160471	22.854612955229264
G000436435	607	3240909	3246257	22.854612955229264
G000436435	861	4599310	4604658	22.810816147900834
G000154205	316	1486717	1491436	22.810816147900834
G000154205	341	1604710	1609430	22.744962812309307
G000154205	554	2610014	2614734	22.72296928953902
G000436435	95	502715	508063	22.722969289539016
G000154205	221	1038342	1043061	22.715633383201094
G000436435	254	1353053	1358401	22.715633383201094
G000154205	654	3081988	3086707	22.715633383201094
G000154205	476	2241875	2246594	22.715633383201094
G000436435	382	2037601	2042949	22.678918257565403
G000154205	509	2397626	2402346	22.678918257565403
G000154205	811	3822986	3827706	22.64950330581225
G000436435	912	4872060	4877408	22.64950330581225
G000436435	963	5144810	5150158	22.60530911091463
G000154205	558	2628893	2633613	22.60530911091463
G000154205	24	108553	113273	22.60530911091463
G000154205	195	915628	920348	22.60530911091463
G000154205	868	4092011	4096731	22.60530911091463
G000154205	675	3181102	3185822	22.5905584998099
G000154205	369	1736863	1741582	22.546248764114473
G000436435	637	3401350	3406698	22.546248764114473
G000154205	810	3818267	3822986	22.54624876411447
G000154205	11	47197	51917	22.538855339169288
G000436435	871	4652791	4658139	22.538855339169288
G000154205	365	1717984	1722704	22.538855339169288
G000154205	148	693801	698521	22.538855339169288
G000154205	594	2798804	2803523	22.516660498395403
G000436435	625	3337174	3342522	22.516660498395403
G000154205	349	1642468	1647188	22.50185177565023
G000154205	374	1760461	1765181	22.501851775650227
G000154205	23	103834	108553	22.501851775650227
G000436435	117	620372	625720	22.501851775650227
G000154205	604	2846001	2850721	22.501851775650227
G000436435	208	1107043	1112391	22.501851775650227
G000154205	716	3374611	3379331	22.501851775650227
G000154205	173	811794	816514	22.368132093076824
G000154205	633	2982873	2987593	22.368132093076824
G000154205	311	1463118	1467838	22.368132093076824
G000154205	589	2775205	2779925	22.368132093076824
G000154205	133	623005	627725	22.36813209307682
G000154205	317	1491436	1496156	22.36813209307682
G000436435	673	3593880	3599228	22.300971578236975
G000154205	634	2987593	2992313	22.300971578236975
G000154205	865	4077852	4082572	22.27853974867593
G000154205	468	2204117	2208836	22.27853974867593
G000436435	459	2449400	2454748	22.27853974867593
G000154205	13	56636	61356	22.233608194203057
G000154205	350	1647188	1651907	22.233608194203054
G000154205	694	3270777	3275497	22.233608194203054
G000154205	953	4493189	4497909	22.233608194203054
G000154205	132	618285	623005	22.18858565419016
G000154205	287	1349844	1354564	22.18858565419016
G000154205	647	3048950	3053669	22.18858565419016
G000154205	842	3969298	3974018	22.188585654190156
G000436435	745	3978938	3984286	22.120880030716076
G000154205	84	391738	396457	22.120880030716076
G000154205	659	3105586	3110306	22.11334438749598
G000154205	758	3572840	3577560	22.06807649071391
G000154205	91	424776	429496	22.052966542697455
G000154205	664	3129185	3133905	22.052966542697455
G000154205	979	4615902	4620622	22.052966542697455
G000436435	568	3032336	3037684	22.03028218914441
G000154205	649	3058389	3063109	22.03028218914441
G000436435	93	492019	497367	22.03028218914441
G000154205	917	4323279	4327998	22.03028218914441
G000436435	171	909166	914514	22.03028218914441
G000154205	37	169910	174630	22.03028218914441
G000154205	80	372859	377578	22.03028218914441
G000154205	220	1033622	1038342	21.962088546705512
G000154205	416	1958690	1963410	21.962088546705512
G000154205	106	495572	500292	21.93931022920578
G000154205	669	3152784	3157504	21.939310229205777
G000154205	615	2897918	2902638	21.939310229205777
G000154205	656	3091427	3096147	21.93171219946131
G000154205	46	212388	217107	21.93171219946131
G000154205	551	2595855	2600575	21.93171219946131
G000154205	196	920348	925068	21.93171219946131
G000154205	999	4710297	4715017	21.93171219946131
G000154205	301	1415921	1420640	21.82506204649447
G000436435	777	4150075	4155423	21.82506204649447
G000154205	823	3879623	3884343	21.79449471770337
G000436435	807	4310517	4315865	21.79449471770337
G000154205	481	2265473	2270193	21.77919496522618
G000154205	433	2038926	2043646	21.733231083604053
G000154205	713	3360452	3365172	21.733231083604053
G000154205	85	396457	401177	21.733231083604053
G000436435	125	663156	668504	21.73323108360405
G000436435	151	802205	807553	21.73323108360405
G000154205	650	3063109	3067829	21.702534414210707
G000154205	715	3369892	3374611	21.702534414210707
G000436435	832	4444217	4449565	21.633307652783937
G000154205	648	3053669	3058389	21.571586249817916
G000154205	671	3162223	3166943	21.548395145191982
G000154205	957	4512068	4516788	21.548395145191982
G000436435	911	4866712	4872060	21.548395145191982
G000436435	515	2748890	2754238	21.517434791350013
G000154205	700	3299096	3303815	21.517434791350013
G000154205	283	1330965	1335685	21.517434791350013
G000154205	928	4375196	4379915	21.501937897160186
G000436435	69	363666	369014	21.501937897160186
G000154205	119	556928	561648	21.501937897160182
G000154205	920	4337438	4342158	21.45538005567213
G000154205	103	481413	486132	21.45538005567213
G000154205	72	335101	339821	21.45538005567213
G000154205	762	3591719	3596439	21.385353243127255
G000154205	331	1557513	1562232	21.385353243127255
G000436435	228	1214004	1219352	21.385353243127252
G000154205	208	976985	981705	21.37755832643195
G000436435	137	727332	732680	21.37755832643195
G000154205	790	3723872	3728592	21.361959960016154
G000154205	964	4545106	4549826	21.361959960016154
G000154205	10	42477	47197	21.361959960016154
G000436435	406	2165954	2171302	21.283796653792763
G000154205	348	1637748	1642468	21.22105872319601
G000154205	265	1246010	1250730	21.22105872319601
G000154205	636	2997032	3001752	21.22105872319601
G000154205	946	4460151	4464871	21.22105872319601
G000154205	768	3620038	3624758	21.221058723196006
G000154205	666	3138625	3143344	21.221058723196006
G000154205	773	3643636	3648356	21.221058723196006
G000154205	706	3327414	3332134	21.221058723196006
G000154205	617	2907357	2912077	21.197484127446195
G000154205	793	3738031	3742751	21.166010488516726
G000436435	200	1064259	1069607	21.166010488516726
G000154205	505	2378747	2383467	21.126602503321102
G000154205	337	1585831	1590551	21.1266025033211
G000154205	980	4620622	4625342	21.1266025033211
G000154205	9	37757	42477	21.1266025033211
G000154205	699	3294376	3299096	21.1266025033211
G000436435	192	1021474	1026822	21.1266025033211
G000154205	872	4110890	4115610	21.1266025033211
G000154205	710	3346293	3351013	21.07921567168317
G000154205	834	3931540	3936260	21.07921567168317
G000154205	241	1132736	1137456	21.07921567168317
G000436435	713	3807801	3813149	21.07921567168317
G000154205	300	1411201	1415921	21.07921567168317
G000154205	598	2817682	2822402	21.07921567168317
G000436435	461	2460096	2465444	21.07921567168317
G000154205	545	2567536	2572256	21.07921567168317
G000154205	353	1661347	1666067	21.07921567168317
G000154205	620	2921517	2926236	21.07921567168317
G000154205	403	1897334	1902054	21.07921567168317
G000436435	962	5139462	5144810	21.071307505705477
G000154205	149	698521	703240	21.007935008784973
G000154205	890	4195846	4200565	21.0
G000154205	266	1250730	1255450	21.0
G000154205	533	2510900	2515619	21.0
G000436435	705	3765017	3770365	21.0
G000154205	102	476693	481413	21.0
G000154205	432	2034206	2038926	21.0
G000154205	772	3638917	3643636	21.0
G000154205	346	1628309	1633029	20.984120980716188
G000154205	3	9439	14159	20.984120980716188
G000436435	812	4337257	4342605	20.952326839756964
G000436435	464	2476140	2481488	20.8806130178211
G000154205	383	1802939	1807659	20.840665376454115
G000436435	395	2107126	2112474	20.816659994661325
G000154205	570	2685530	2690250	20.808652046684813
G000154205	314	1477277	1481997	20.808652046684813
G000154205	740	3487885	3492605	20.744477176668813
G000436435	897	4791840	4797188	20.663978319771825
G000154205	996	4696138	4700858	20.663978319771825
G000436435	776	4144727	4150075	20.663978319771825
G000154205	985	4644221	4648940	20.647840887931437
G000154205	929	4379915	4384635	20.647840887931437
G000154205	95	443655	448375	20.5993527406405
G000154205	856	4035375	4040094	20.5993527406405
G000436435	405	2160606	2165954	20.5993527406405
G000154205	734	3459567	3464286	20.550750189064473
G000154205	602	2836561	2841281	20.55075018906447
G000154205	313	1472557	1477277	20.55075018906447
G000436435	750	4005678	4011027	20.55075018906447
G000154205	327	1538634	1543353	20.55075018906447
G000154205	399	1878455	1883175	20.526405757787536
G000154205	653	3077268	3081988	20.526405757787536
G000154205	52	240706	245426	20.526405757787536
G000154205	492	2317390	2322110	20.50203241957571
G000154205	178	835393	840113	20.502032419575706
G000154205	646	3044230	3048950	20.502032419575706
G000154205	334	1571672	1576392	20.428737928059416
G000436435	477	2545665	2551013	20.428737928059416
G000436435	906	4839972	4845320	20.42057785666214
G000154205	370	1741582	1746302	20.42057785666214
G000436435	772	4123335	4128683	20.42057785666214
G000154205	482	2270193	2274913	20.404247923737188
G000154205	907	4276081	4280801	20.404247923737188
G000154205	113	528610	533330	20.305992547357377
G000436435	542	2893287	2898635	20.29778313018444
G000154205	812	3827706	3832426	20.29778313018444
G000154205	396	1864296	1869015	20.256686138984666
G000154205	683	3218860	3223580	20.256686138984662
G000154205	722	3402930	3407650	20.231987873991358
G000154205	211	991144	995864	20.231987873991358
G000154205	469	2208836	2213556	20.223748416156685
G000154205	652	3072548	3077268	20.207259421636902
G000154205	523	2463702	2468422	20.207259421636902
G000154205	122	571088	575807	20.207259421636902
G000154205	864	4073133	4077852	20.207259421636902
G000154205	344	1618869	1623589	20.2072594216369
G000436435	211	1123087	1128435	20.13289182738867
G000154205	422	1987009	1991729	20.13289182738867
G000154205	639	3011192	3015911	20.13289182738867
G000154205	277	1302647	1307367	20.108041509140897
G000154205	623	2935676	2940396	20.108041509140897
G000154205	305	1434800	1439519	20.074859899884732
G000154205	587	2765765	2770485	20.074859899884732
G000436435	249	1326312	1331660	20.033305601755625
G000154205	487	2293792	2298511	20.033305601755625
G000436435	29	149745	155093	20.033305601755625
G000154205	373	1755742	1760461	20.033305601755625
G000436435	850	4540482	4545830	20.008331597945226
G000154205	739	3483165	3487885	20.008331597945226
G000154205	847	3992897	3997617	20.0
G000154205	162	759877	764597	19.974984355438178
G000154205	117	547489	552209	19.974984355438178
G000154205	496	2336269	2340989	19.974984355438178
G000154205	841	3964579	3969298	19.924858845171276
G000154205	731	3445408	3450127	19.924858845171276
G000154205	975	4597023	4601743	19.924858845171276
G000154205	194	910909	915628	19.924858845171276
G000154205	82	382298	387018	19.85782801147531
G000154205	39	179350	184069	19.85782801147531
G000436435	209	1112391	1117739	19.857828011475306
G000154205	5	18878	23598	19.857828011475306
G000154205	461	2171079	2175798	19.857828011475306
G000154205	563	2652492	2657211	19.857828011475306
G000154205	325	1529194	1533914	19.857828011475306
G000154205	822	3874904	3879623	19.75685535031659
G000154205	510	2402346	2407065	19.75685535031659
G000154205	813	3832426	3837146	19.731531449264992
G000154205	289	1359284	1364003	19.731531449264992
G000436435	919	4909497	4914845	19.697715603592208
G000154205	407	1916213	1920932	19.672315572906
G000436435	438	2337091	2342439	19.672315572906
G000154205	268	1260169	1264889	19.65536398374076
G000154205	302	1420640	1425360	19.65536398374076
G000154205	527	2482581	2487301	19.655363983740756
G000154205	98	457814	462534	19.655363983740756
G000154205	444	2090843	2095563	19.655363983740756
G000154205	962	4535667	4540386	19.655363983740756
G000154205	803	3785229	3789948	19.655363983740756
G000154205	983	4634781	4639501	19.629909152447276
G000154205	441	2076684	2081404	19.629909152447276
G000154205	427	2010607	2015327	19.629909152447276
G000154205	663	3124465	3129185	19.629909152447276
G000436435	77	406450	411798	19.604421270043485
G000154205	74	344540	349260	19.60442127004348
G000154205	421	1982289	1987009	19.553345834749955
G000436435	816	4358649	4363997	19.55334583474995
G000436435	429	2288959	2294307	19.519221295943137
G000154205	125	585247	589967	19.519221295943137
G000154205	497	2340989	2345709	19.5021366350801
G000154205	385	1812379	1817098	19.5021366350801
G000154205	624	2940396	2945115	19.5021366350801
G000436435	684	3652708	3658056	19.5021366350801
G000154205	567	2671371	2676090	19.467922333931785
G000154205	216	1014743	1019463	19.467922333931785
G000154205	667	3143344	3148064	19.467922333931785
G000154205	126	589967	594686	19.467922333931785
G000154205	630	2968714	2973434	19.467922333931785
G000436435	695	3711536	3716885	19.467922333931785
G000436435	199	1058911	1064259	19.467922333931785
G000154205	372	1751022	1755742	19.42506971244462
G000154205	303	1425360	1430080	19.42506971244462
G000154205	222	1043061	1047781	19.42506971244462
G000154205	843	3974018	3978738	19.42506971244462
G000154205	727	3426529	3431248	19.42506971244462
G000154205	779	3671955	3676675	19.42506971244462
G000154205	388	1826538	1831257	19.39931270260195
G000154205	38	174630	179350	19.39931270260195
G000154205	903	4257202	4261922	19.39931270260195
G000154205	415	1953971	1958690	19.39931270260195
G000154205	697	3284936	3289656	19.39931270260195
G000154205	121	566368	571088	19.39931270260195
G000154205	939	4427113	4431833	19.347695814575268
G000154205	619	2916797	2921517	19.347695814575268
G000154205	528	2487301	2492021	19.347695814575268
G000436435	660	3524355	3529703	19.347695814575268
G000154205	498	2345709	2350429	19.313207915827967
G000154205	576	2713848	2718568	19.313207915827967
G000154205	501	2359868	2364588	19.313207915827967
G000154205	613	2888479	2893198	19.295940851208407
G000154205	267	1255450	1260169	19.295940851208407
G000154205	741	3492605	3497325	19.295940851208403
G000154205	159	745718	750438	19.295940851208403
G000154205	8	33038	37757	19.295940851208403
G000436435	769	4107291	4112639	19.295940851208403
G000154205	137	641884	646603	19.28730152198591
G000154205	651	3067829	3072548	19.157244060668017
G000154205	732	3450127	3454847	19.139836293274126
G000154205	199	934507	939227	19.139836293274126
G000154205	542	2553377	2558097	19.139836293274126
G000154205	932	4394075	4398794	19.08751773629388
G000154205	157	736278	740998	19.08751773629388
G000436435	814	4347953	4353301	19.087517736293876
G000154205	477	2246594	2251314	19.087517736293876
G000154205	120	561648	566368	19.087517736293876
G000436435	756	4037767	4043115	19.078784028338912
G000154205	328	1543353	1548073	19.078784028338912
G000154205	401	1887894	1892614	19.05255888325765
G000154205	608	2864880	2869600	19.035055380358976
G000436435	251	1337009	1342357	19.008769905844336
G000154205	717	3379331	3384051	19.008769905844336
G000436435	517	2759586	2764934	19.008769905844336
G000154205	393	1850136	1854856	19.0
G000154205	571	2690250	2694969	18.929694486000912
G000436435	606	3235561	3240909	18.90326250501043
G000154205	696	3280217	3284936	18.876793513023692
G000436435	9	42784	48132	18.876793513023692
G000154205	378	1779340	1784060	18.876793513023692
G000154205	493	2322110	2326830	18.77054430040145
G000154205	839	3955139	3959859	18.77054430040145
G000154205	829	3907942	3912661	18.770544300401447
G000154205	151	707960	712680	18.770544300401447
G000154205	863	4068413	4073133	18.734993995195193
G000154205	88	410617	415336	18.717193521821944
G000154205	423	1991729	1996448	18.717193521821944
G000154205	850	4007056	4011776	18.681541692269406
G000154205	394	1854856	1859576	18.681541692269406
G000154205	705	3322694	3327414	18.610033136277146
G000436435	600	3203473	3208821	18.58314648635514
G000154205	488	2298511	2303231	18.583146486355137
G000436435	758	4048463	4053811	18.583146486355137
G000154205	852	4016496	4021215	18.583146486355137
G000154205	586	2761046	2765765	18.583146486355137
G000154205	486	2289072	2293792	18.556220879622373
G000154205	883	4162808	4167527	18.520259177452136
G000436435	614	3278346	3283694	18.520259177452136
G000436435	737	3936154	3941502	18.520259177452136
G000154205	846	3988177	3992897	18.520259177452136
G000154205	284	1335685	1340405	18.520259177452136
G000154205	733	3454847	3459567	18.502252115170556
G000154205	158	740998	745718	18.502252115170556
G000154205	537	2529779	2534498	18.502252115170556
G000154205	674	3176383	3181102	18.475208614068027
G000154205	351	1651907	1656627	18.475208614068027
G000154205	767	3615318	3620038	18.475208614068023
G000154205	1000	4715017	4719738	18.475208614068023
G000154205	635	2992313	2997032	18.44812546936228
G000154205	261	1227131	1231851	18.35755975068582
G000154205	955	4502629	4507348	18.35755975068582
G000436435	416	2219434	2224782	18.23001188516709
G000154205	406	1911493	1916213	18.230011885167087
G000154205	86	401177	405897	18.230011885167087
G000154205	596	2808243	2812963	18.193405398660254
G000154205	141	660763	665482	18.193405398660254
G000154205	657	3096147	3100867	18.175074506954115
G000154205	240	1128017	1132736	18.175074506954115
G000154205	525	2473142	2477861	18.14754345175493
G000154205	526	2477861	2482581	18.14754345175493
G000154205	764	3601159	3605879	18.083141320025124
G000436435	980	5235727	5241075	18.083141320025124
G000436435	815	4353301	4358649	18.083141320025124
G000154205	329	1548073	1552793	18.083141320025124
G000154205	593	2794084	2798804	18.0092568789868
G000154205	475	2237155	2241875	18.0092568789868
G000154205	680	3204701	3209421	18.0092568789868
G000154205	163	764597	769317	18.009256878986797
G000436435	801	4278428	4283776	18.009256878986797
G000154205	992	4677259	4681979	17.95364401266031
G000154205	879	4143929	4148648	17.925772879665004
G000154205	752	3544522	3549242	17.925772879665004
G000154205	405	1906773	1911493	17.925772879665004
G000154205	750	3535083	3539802	17.925772879665004
G000154205	550	2591135	2595855	17.925772879665
G000154205	212	995864	1000584	17.897858344878397
G000154205	886	4176967	4181686	17.897858344878397
G000154205	893	4210005	4214725	17.897858344878397
G000154205	443	2086123	2090843	17.7857620959388
G000436435	704	3759669	3765017	17.7857620959388
G000154205	802	3780509	3785229	17.7857620959388
G000436435	859	4588614	4593962	17.776388834631177
G000154205	146	684361	689081	17.672954855748753
G000436435	386	2058993	2064341	17.616280348965084
G000154205	299	1406481	1411201	17.616280348965084
G000154205	621	2926236	2930956	17.616280348965084
G000436435	895	4781144	4786492	17.61628034896508
G000154205	190	892030	896750	17.559422921421234
G000436435	970	5182246	5187594	17.55942292142123
G000154205	751	3539802	3544522	17.52141546793523
G000154205	116	542769	547489	17.52141546793523
G000154205	835	3936260	3940980	17.50238079043344
G000436435	389	2075037	2080386	17.502380790433435
G000436435	730	3898718	3904066	17.47378989610821
G000436435	636	3396002	3401350	17.47378989610821
G000436435	766	4091247	4096595	17.47378989610821
G000154205	81	377578	382298	17.473789896108208
G000154205	398	1873735	1878455	17.435595774162696
G000154205	32	146311	151031	17.435595774162696
G000154205	345	1623589	1628309	17.435595774162696
G000154205	520	2449543	2454263	17.435595774162696
G000154205	997	4700858	4705577	17.435595774162696
G000154205	590	2779925	2784644	17.3877351409933
G000154205	491	2312671	2317390	17.3877351409933
G000436435	530	2829111	2834459	17.349351572897472
G000154205	755	3558681	3563401	17.349351572897472
G000154205	974	4592304	4597023	17.349351572897472
G000154205	108	505011	509731	17.349351572897472
G000154205	708	3336854	3341573	17.349351572897472
G000154205	237	1113857	1118577	17.320508075688775
G000436435	837	4470958	4476306	17.243356208503418
G000154205	389	1831257	1835977	17.243356208503414
G000436435	867	4631399	4636747	17.214335111567145
G000154205	354	1666067	1670786	17.214335111567145
G000154205	445	2095563	2100282	17.214335111567145
G000154205	51	235986	240706	17.21433511156714
G000154205	692	3261338	3266058	17.21433511156714
G000154205	774	3648356	3653076	17.21433511156714
G000154205	944	4450711	4455431	17.097758137642877
G000154205	67	311502	316222	17.097758137642877
G000436435	708	3781061	3786409	17.08800749063506
G000154205	994	4686698	4691418	17.05872210923198
G000436435	529	2823763	2829111	17.05872210923198
G000154205	978	4611183	4615902	17.05872210923198
G000154205	998	4705577	4710297	17.039170558842745
G000436435	940	5021805	5027153	17.03917055884274
G000436435	860	4593962	4599310	17.03917055884274
G000436435	278	1481405	1486754	17.009801096230767
G000154205	684	3223580	3228300	17.009801096230763
G000436435	938	5011109	5016457	17.0
G000154205	578	2723288	2728007	17.0
G000436435	780	4166120	4171468	16.921386861996073
G000154205	759	3577560	3582280	16.862186493255653
G000154205	631	2973434	2978154	16.822603841260722
G000154205	771	3634197	3638917	16.822603841260722
G000154205	4	14159	18878	16.822603841260722
G000436435	320	1706023	1711371	16.77299416721217
G000154205	828	3903222	3907942	16.77299416721217
G000154205	880	4148648	4153368	16.772994167212165
G000154205	736	3469006	3473726	16.74315780649915
G000154205	188	882590	887310	16.703293088490067
G000154205	531	2501460	2506180	16.653327995729065
G000154205	607	2860160	2864880	16.653327995729065
G000154205	704	3317975	3322694	16.64331697709324
G000154205	942	4441272	4445992	16.64331697709324
G000154205	65	302063	306782	16.64331697709324
G000154205	47	217107	221827	16.64331697709324
G000436435	765	4085899	4091247	16.64331697709324
G000154205	71	330381	335101	16.64331697709324
G000154205	981	4625342	4630061	16.56301099840646
G000154205	937	4417673	4422393	16.563010998406458
G000436435	300	1599062	1604410	16.522711641858304
G000154205	521	2454263	2458982	16.522711641858304
G000154205	25	113273	117993	16.522711641858304
G000154205	901	4247763	4252483	16.50252505931542
G000154205	910	4290240	4294960	16.46207763315433
G000154205	676	3185822	3190542	16.46207763315433
G000154205	897	4228884	4233604	16.441816606851365
G000154205	70	325661	330381	16.441816606851365
G000154205	902	4252483	4257202	16.3707055437449
G000436435	462	2465444	2470792	16.3707055437449
G000436435	6	26740	32088	16.258331197676267
G000154205	136	637164	641884	16.258331197676263
G000154205	516	2430664	2435384	16.258331197676263
G000436435	344	1834376	1839724	16.258331197676263
G000436435	773	4128683	4134031	16.258331197676263
G000154205	362	1703825	1708544	16.19670748434179
G000154205	622	2930956	2935676	16.165807537309522
G000154205	569	2680810	2685530	16.165807537309522
G000436435	291	1550930	1556278	16.165807537309522
G000154205	42	193509	198228	16.165807537309522
G000154205	743	3502044	3506764	16.165807537309522
G000436435	633	3379958	3385306	16.09347693943108
G000436435	939	5016457	5021805	16.09347693943108
G000154205	849	4002336	4007056	16.09347693943108
G000154205	161	755157	759877	16.09347693943108
G000436435	779	4160772	4166120	16.09347693943108
G000154205	747	3520923	3525643	16.09347693943108
G000154205	919	4332718	4337438	16.072751268321593
G000154205	293	1378163	1382882	16.072751268321593
G000154205	97	453094	457814	16.041612554021285
G000436435	162	861033	866381	16.010413278030438
G000154205	963	4540386	4545106	15.947831618540915
G000154205	459	2161639	2166359	15.947831618540915
G000154205	69	320942	325661	15.947831618540915
G000436435	550	2936071	2941419	15.947831618540915
G000436435	507	2706106	2711454	15.947831618540913
G000154205	397	1869015	1873735	15.947831618540913
G000154205	263	1236571	1241290	15.874507866387544
G000154205	312	1467838	1472557	15.874507866387544
G000436435	720	3845237	3850585	15.821925715074425
G000154205	335	1576392	1581111	15.821925715074425
G000154205	858	4044814	4049534	15.821925715074423
G000154205	506	2383467	2388186	15.716233645501712
G000436435	144	764769	770117	15.716233645501712
G000154205	471	2218276	2222996	15.716233645501712
G000154205	442	2081404	2086123	15.695009822658072
G000154205	584	2751606	2756326	15.69500982265807
G000154205	92	429496	434215	15.631165450257809
G000154205	805	3794668	3799388	15.631165450257807
G000154205	640	3015911	3020631	15.631165450257807
G000436435	347	1850420	1855768	15.631165450257805
G000436435	260	1385141	1390489	15.631165450257805
G000154205	959	4521508	4526227	15.620499351813308
G000436435	735	3925458	3930806	15.620499351813308
G000154205	360	1694385	1699105	15.620499351813308
G000154205	889	4191126	4195846	15.588457268119896
G000154205	278	1307367	1312086	15.56705923844749
G000436435	263	1401185	1406533	15.524174696260024
G000154205	960	4526227	4530947	15.524174696260024
G000154205	455	2142760	2147480	15.502687938977981
G000154205	761	3587000	3591719	15.50268793897798
G000436435	383	2042949	2048297	15.394804318340652
G000436435	696	3716885	3722233	15.373136743466942
G000154205	26	117993	122713	15.37313674346694
G000154205	726	3421809	3426529	15.37313674346694
G000154205	380	1788780	1793500	15.30795000427338
G000154205	94	438935	443655	15.30795000427338
G000436435	864	4615355	4620703	15.275252316519467
G000154205	458	2156919	2161639	15.132745950421556
G000436435	984	5257119	5262467	15.132745950421556
G000154205	320	1505596	1510315	15.132745950421556
G000154205	780	3676675	3681394	15.0996688705415
G000154205	507	2388186	2392906	15.0996688705415
G000154205	242	1137456	1142176	15.044378795195678
G000436435	123	652460	657808	15.044378795195678
G000154205	291	1368723	1373443	15.044378795195678
G000154205	326	1533914	1538634	15.044378795195676
G000436435	768	4101943	4107291	15.01110699893027
G000154205	150	703240	707960	15.01110699893027
G000436435	729	3893370	3898718	15.0
G000154205	257	1208252	1212972	14.977761292440647
G000154205	408	1920932	1925652	14.977761292440647
G000436435	148	786161	791509	14.977761292440647
G000154205	207	972265	976985	14.933184523068078
G000436435	611	3262301	3267649	14.933184523068078
G000154205	757	3568121	3572840	14.933184523068078
G000436435	959	5123418	5128766	14.84362938547488
G000154205	832	3922101	3926821	14.798648586948742
G000154205	14	61356	66076	14.742229591663989
G000154205	566	2666651	2671371	14.742229591663987
G000154205	48	221827	226547	14.730919862656235
G000436435	896	4786492	4791840	14.730919862656235
G000436435	321	1711371	1716719	14.730919862656235
G000436435	759	4053811	4059159	14.730919862656235
G000154205	156	731559	736278	14.730919862656235
G000154205	881	4153368	4158088	14.730919862656235
G000436435	160	850337	855685	14.730919862656235
G000154205	152	712680	717400	14.6401275039985
G000436435	66	347622	352970	14.57166199626293
G000154205	454	2138040	2142760	14.57166199626293
G000154205	214	1005303	1010023	14.57166199626293
G000154205	31	141592	146311	14.57166199626293
G000154205	568	2676090	2680810	14.571661996262929
G000154205	769	3624758	3629477	14.571661996262929
G000154205	474	2232435	2237155	14.571661996262929
G000154205	236	1109138	1113857	14.571661996262929
G000436435	767	4096595	4101943	14.571661996262929
G000154205	538	2534498	2539218	14.571661996262929
G000436435	195	1037518	1042867	14.571661996262929
G000154205	909	4285521	4290240	14.571661996262929
G000154205	232	1090259	1094978	14.571661996262929
G000154205	129	604126	608846	14.571661996262929
G000154205	806	3799388	3804108	14.571661996262929
G000154205	249	1170494	1175214	14.52583904633395
G000436435	316	1684631	1689979	14.502873278538061
G000436435	432	2305003	2310351	14.502873278538061
G000154205	535	2520339	2525059	14.46835627614047
G000154205	239	1123297	1128017	14.468356276140469
G000436435	973	5198290	5203639	14.468356276140469
G000436435	782	4176816	4182164	14.433756729740644
G000154205	140	656043	660763	14.364307617610162
G000154205	435	2048365	2053085	14.294521094927713
G000436435	331	1764851	1770199	14.294521094927712
G000436435	122	647112	652460	14.29452109492771
G000154205	114	533330	538050	14.224392195567914
G000154205	690	3251898	3256618	14.224392195567912
G000436435	34	176485	181833	14.224392195567912
G000436435	336	1791592	1796940	14.189197769195177
G000154205	612	2883759	2888479	14.177446878757825
G000436435	774	4134031	4139379	14.177446878757825
G000154205	456	2147480	2152200	14.177446878757825
G000154205	404	1902054	1906773	14.153915830374764
G000154205	677	3190542	3195261	14.153915830374764
G000154205	318	1496156	1500876	14.106735979665885
G000154205	198	929788	934507	14.106735979665885
G000436435	839	4481654	4487002	14.047538337136986
G000436435	392	2091082	2096430	14.047538337136984
G000154205	330	1552793	1557513	14.047538337136984
G000154205	298	1401761	1406481	14.011899704655804
G000154205	368	1732143	1736863	14.011899704655802
G000436435	764	4080551	4085899	14.0118997046558
G000154205	43	198228	202948	14.0
G000154205	93	434215	438935	13.892443989449804
G000154205	588	2770485	2775205	13.856406460551018
G000154205	279	1312086	1316806	13.856406460551018
G000154205	592	2789364	2794084	13.796134724383252
G000154205	541	2548657	2553377	13.796134724383252
G000436435	961	5134114	5139462	13.650396819628847
G000154205	854	4025935	4030655	13.650396819628847
G000154205	808	3808827	3813547	13.650396819628845
G000154205	672	3166943	3171663	13.613718571108091
G000154205	386	1817098	1821818	13.576941236277534
G000154205	366	1722704	1727423	13.576941236277534
G000154205	79	368139	372859	13.576941236277534
G000436435	275	1465361	1470709	13.503086067019396
G000436435	849	4535134	4540482	13.428824718989127
G000154205	504	2374027	2378747	13.316656236958787
G000436435	319	1700675	1706023	13.316656236958787
G000436435	893	4770448	4775796	13.316656236958785
G000436435	173	919862	925210	13.316656236958785
G000154205	494	2326830	2331550	13.316656236958785
G000154205	626	2949835	2954555	13.279056191361393
G000154205	410	1930372	1935092	13.279056191361391
G000154205	395	1859576	1864296	13.228756555322953
G000154205	904	4261922	4266642	13.228756555322953
G000436435	145	770117	775465	13.203534880225574
G000436435	118	625720	631068	13.203534880225574
G000436435	399	2128518	2133866	13.114877048604
G000436435	804	4294472	4299820	13.076696830622021
G000154205	367	1727423	1732143	13.076696830622021
G000154205	262	1231851	1236571	13.051181300301263
G000154205	906	4271361	4276081	13.051181300301263
G000436435	910	4861364	4866712	13.051181300301261
G000436435	898	4797188	4802536	13.0
G000154205	965	4549826	4554546	13.0
G000154205	256	1203532	1208252	13.0
G000154205	411	1935092	1939811	13.0
G000436435	500	2668669	2674018	13.0
G000154205	154	722119	726839	12.897028081435403
G000154205	982	4630061	4634781	12.897028081435401
G000154205	234	1099698	1104418	12.741009902410928
G000436435	778	4155423	4160772	12.741009902410928
G000154205	347	1633029	1637748	12.741009902410928
G000436435	631	3369262	3374610	12.701705922171767
G000436435	489	2609841	2615189	12.701705922171765
G000154205	153	717400	722119	12.662279942148386
G000436435	805	4299820	4305168	12.662279942148386
G000154205	933	4398794	4403514	12.662279942148386
G000154205	96	448375	453094	12.662279942148384
G000436435	761	4064507	4069855	12.529964086141668
G000154205	712	3355733	3360452	12.529964086141668
G000154205	412	1939811	1944531	12.503332889007368
G000154205	235	1104418	1109138	12.503332889007368
G000154205	951	4483750	4488469	12.489995996796797
G000154205	562	2647772	2652492	12.489995996796797
G000154205	737	3473726	3478446	12.489995996796797
G000436435	30	155093	160441	12.423096769056151
G000154205	609	2869600	2874319	12.423096769056148
G000154205	258	1212972	1217692	12.342339054382412
G000436435	476	2540317	2545665	12.34233905438241
G000154205	436	2053085	2057805	12.288205727444508
G000154205	945	4455431	4460151	12.288205727444508
G000154205	911	4294960	4299680	12.220201853215574
G000436435	446	2379876	2385224	12.12435565298214
G000154205	310	1458398	1463118	12.12435565298214
G000436435	3	10696	16044	12.12435565298214
G000154205	252	1184653	1189373	12.12435565298214
G000154205	109	509731	514451	12.12435565298214
G000154205	363	1708544	1713264	12.096831541082704
G000154205	218	1024182	1028902	12.096831541082702
G000436435	31	160441	165789	12.096831541082702
G000436435	960	5128766	5134114	12.055427546683417
G000154205	296	1392322	1397042	12.055427546683415
G000154205	859	4049534	4054254	12.055427546683415
G000154205	555	2614734	2619454	11.930353445448855
G000436435	809	4321213	4326561	11.930353445448855
G000154205	451	2123881	2128601	11.930353445448853
G000154205	804	3789948	3794668	11.930353445448853
G000154205	912	4299680	4304400	11.846237095944574
G000154205	678	3195261	3199981	11.789826122551595
G000436435	430	2294307	2299655	11.71893055416463
G000154205	665	3133905	3138625	11.71893055416463
G000436435	342	1823680	1829028	11.676186592091328
G000154205	2	4719	9439	11.590225767142472
G000154205	225	1057221	1061940	11.590225767142472
G000154205	115	538050	542769	11.590225767142472
G000154205	855	4030655	4035375	11.532562594670797
G000436435	378	2016209	2021557	11.532562594670797
G000436435	400	2133866	2139214	11.532562594670797
G000436435	92	486671	492019	11.503622617824933
G000436435	229	1219352	1224700	11.503622617824933
G000436435	848	4529786	4535134	11.357816691600547
G000436435	584	3117904	3123253	11.313708498984761
G000436435	2	5348	10696	11.313708498984761
G000154205	155	726839	731559	11.269427669584644
G000154205	565	2661931	2666651	11.239810200058242
G000154205	457	2152200	2156919	11.135528725660043
G000154205	28	127432	132152	11.135528725660043
G000154205	356	1675506	1680226	11.015141094572204
G000154205	355	1670786	1675506	11.0
G000436435	443	2363831	2369179	10.96965511460289
G000436435	736	3930806	3936154	10.969655114602888
G000436435	428	2283611	2288959	10.816653826391969
G000436435	35	181833	187181	10.785793124908958
G000436435	975	5208987	5214335	10.785793124908958
G000154205	254	1194093	1198813	10.692676621563628
G000154205	882	4158088	4162808	10.692676621563628
G000154205	382	1798219	1802939	10.692676621563626
G000154205	895	4219444	4224164	10.692676621563626
G000436435	271	1443969	1449317	10.692676621563626
G000436435	273	1454665	1460013	10.598742063723098
G000154205	295	1387602	1392322	10.598742063723096
G000436435	806	4305168	4310517	10.535653752852738
G000436435	667	3561791	3567140	10.408329997330664
G000436435	120	636416	641764	10.408329997330663
G000436435	781	4171468	4176816	10.408329997330663
G000436435	149	791509	796857	10.392304845413264
G000154205	250	1175214	1179934	10.392304845413264
G000436435	67	352970	358318	10.263202878893768
G000154205	307	1444239	1448959	10.263202878893768
G000154205	160	750438	755157	10.14889156509222
G000436435	276	1470709	1476057	10.14889156509222
G000154205	673	3171663	3176383	10.14889156509222
G000436435	298	1588366	1593714	10.115993936995679
G000154205	896	4224164	4228884	10.115993936995679
G000154205	224	1052501	1057221	10.066445913694334
G000154205	618	2912077	2916797	10.066445913694334
G000154205	223	1047781	1052501	10.066445913694334
G000436435	213	1133783	1139131	10.016652800877814
G000154205	460	2166359	2171079	10.016652800877813
G000436435	56	294141	299490	10.016652800877813
G000154205	766	3610598	3615318	10.016652800877813
G000436435	299	1593714	1599062	10.016652800877813
G000154205	860	4054254	4058973	10.016652800877813
G000436435	346	1845072	1850420	9.899494936611665
G000154205	233	1094978	1099698	9.865765724632496
G000154205	259	1217692	1222411	9.865765724632494
G000154205	27	122713	127432	9.848857801796104
G000436435	622	3321130	3326478	9.71253485622231
G000154205	625	2945115	2949835	9.71253485622231
G000154205	111	519171	523890	9.71253485622231
G000436435	444	2369179	2374527	9.643650760992955
G000436435	725	3871978	3877326	9.643650760992955
G000436435	582	3107208	3112556	9.60902353693305
G000154205	253	1189373	1194093	9.539392014169456
G000436435	121	641764	647112	9.539392014169456
G000154205	478	2251314	2256034	9.539392014169456
G000436435	341	1818332	1823680	9.539392014169456
G000436435	686	3663404	3668752	9.539392014169456
G000436435	838	4476306	4481654	9.539392014169456
G000154205	582	2742167	2746886	9.50438495292217
G000154205	500	2355148	2359868	9.504384952922168
G000154205	18	80235	84955	9.451631252505218
G000436435	277	1476057	1481405	9.291573243177568
G000154205	581	2737447	2742167	9.291573243177568
G000436435	445	2374527	2379876	9.291573243177568
G000436435	439	2342439	2347787	9.237604307034013
G000154205	844	3978738	3983458	9.237604307034012
G000436435	343	1829028	1834376	9.192388155425117
G000154205	76	353980	358700	9.16515138991168
G000154205	231	1085539	1090259	9.16515138991168
G000154205	251	1179934	1184653	9.16515138991168
G000154205	238	1118577	1123297	9.073771725877467
G000436435	915	4888104	4893452	9.073771725877465
G000436435	817	4363997	4369345	9.073771725877465
G000436435	255	1358401	1363749	9.073771725877465
G000154205	20	89675	94394	9.018499505645789
G000436435	119	631068	636416	8.962886439832502
G000154205	226	1061940	1066660	8.962886439832502
G000154205	428	2015327	2020047	8.962886439832502
G000154205	503	2369307	2374027	8.888194417315589
G000436435	621	3315782	3321130	8.888194417315589
G000436435	161	855685	861033	8.888194417315589
G000154205	166	778756	783476	8.888194417315589
G000436435	818	4369345	4374693	8.736894948054106
G000154205	862	4063693	4068413	8.660254037844387
G000436435	426	2272915	2278263	8.621678104251709
G000154205	191	896750	901469	8.621678104251709
G000436435	33	171137	176485	8.54400374531753
G000436435	682	3642012	3647360	8.504900548115383
G000436435	288	1534886	1540234	8.504900548115383
G000154205	884	4167527	4172247	8.504900548115383
G000436435	499	2663321	2668669	8.504900548115383
G000436435	639	3412046	3417395	8.32666399786453
G000154205	168	788196	792915	8.18535277187245
G000154205	888	4186406	4191126	8.18535277187245
G000436435	641	3422743	3428091	8.144527815247079
G000436435	289	1540234	1545582	8.144527815247077
G000154205	124	580527	585247	8.082903768654761
G000154205	138	646603	651323	8.082903768654761
G000154205	322	1515035	1519755	8.082903768654761
G000154205	848	3997617	4002336	8.020806277010644
G000436435	498	2657973	2663321	8.020806277010644
G000436435	397	2117822	2123170	8.020806277010644
G000154205	853	4021215	4025935	8.020806277010644
G000436435	262	1395837	1401185	8.020806277010642
G000154205	364	1713264	1717984	8.020806277010642
G000154205	887	4181686	4186406	8.020806277010642
G000154205	294	1382882	1387602	7.937253933193772
G000154205	857	4040094	4044814	7.810249675906654
G000154205	748	3525643	3530363	7.76745346515403
G000436435	721	3850585	3855933	7.767453465154028
G000154205	21	94394	99114	7.637626158259734
G000154205	836	3940980	3945700	7.637626158259733
G000436435	623	3326478	3331826	7.571877794400365
G000436435	427	2278263	2283611	7.571877794400365
G000154205	110	514451	519171	7.54983443527075
G000154205	324	1524475	1529194	7.54983443527075
G000154205	438	2062525	2067244	7.505553499465136
G000154205	227	1066660	1071380	7.505553499465135
G000436435	640	3417395	3422743	7.371114795831994
G000154205	167	783476	788196	7.371114795831994
G000436435	624	3331826	3337174	7.234178138070234
G000154205	781	3681394	3686114	7.211102550927978
G000154205	112	523890	528610	7.094598884597588
G000436435	36	187181	192529	7.023769168568493
G000436435	760	4059159	4064507	7.0
G000436435	516	2754238	2759586	7.0
G000154205	321	1510315	1515035	7.0
G000436435	250	1331660	1337009	6.928203230275509
G000436435	8	37436	42784	6.806859285554046
G000436435	32	165789	171137	6.8068592855540455
G000154205	711	3351013	3355733	6.658328118479393
G000436435	680	3631316	3636664	6.6583281184793925
G000436435	748	3994982	4000330	6.658328118479392
G000154205	583	2746886	2751606	6.557438524302
G000154205	228	1071380	1076100	6.557438524302
G000436435	583	3112556	3117904	6.557438524302
G000436435	84	443886	449235	6.557438524302
G000154205	770	3629477	3634197	6.557438524302
G000436435	679	3625968	3631316	6.429100507328636
G000154205	139	651323	656043	6.429100507328636
G000154205	437	2057805	2062525	6.244997998398398
G000436435	480	2561709	2567057	6.244997998398398
G000436435	377	2010861	2016209	6.244997998398398
G000436435	972	5192942	5198290	6.244997998398398
G000154205	229	1076100	1080819	6.110100926607787
G000436435	58	304838	310186	6.110100926607786
G000436435	194	1032170	1037518	6.082762530298219
G000154205	180	844832	849552	6.027713773341709
G000436435	632	3374610	3379958	6.027713773341709
G000154205	381	1793500	1798219	6.0
G000154205	358	1684946	1689665	5.859465277082315
G000436435	937	5005761	5011109	5.859465277082315
G000154205	183	858992	863711	5.859465277082315
G000436435	80	422494	427842	5.773502691896257
G000154205	359	1689665	1694385	5.686240703077327
G000154205	169	792915	797635	5.686240703077327
G000154205	260	1222411	1227131	5.686240703077327
G000436435	823	4396085	4401433	5.686240703077327
G000154205	63	292623	297343	5.656854249492381
G000154205	64	297343	302063	5.656854249492381
G000154205	502	2364588	2369307	5.5677643628300215
G000436435	481	2567057	2572405	5.5677643628300215
G000154205	171	802355	807075	5.5677643628300215
G000436435	1	0	5348	5.5677643628300215
G000436435	398	2123170	2128518	5.5677643628300215
G000154205	357	1680226	1684946	5.5677643628300215
G000154205	170	797635	802355	5.5677643628300215
G000436435	212	1128435	1133783	5.507570547286103
G000154205	323	1519755	1524475	5.507570547286102
G000436435	681	3636664	3642012	5.507570547286102
G000436435	394	2101778	2107126	5.507570547286102
G000436435	193	1026822	1032170	5.507570547286102
G000154205	182	854272	858992	5.507570547286101
G000154205	877	4134489	4139209	5.196152422706632
G000154205	439	2067244	2071964	5.196152422706632
G000436435	272	1449317	1454665	5.131601439446884
G000436435	701	3743625	3748973	5.0
G000154205	17	75515	80235	5.0
G000154205	55	254865	259585	4.949747468305833
G000154205	19	84955	89675	4.949747468305833
G000154205	58	269025	273744	4.949747468305833
G000436435	826	4412129	4417477	4.932882862316248
G000154205	440	2071964	2076684	4.932882862316247
G000436435	824	4401433	4406781	4.932882862316247
G000436435	974	5203639	5208987	4.725815626252609
G000154205	679	3199981	3204701	4.618802153517006
G000436435	825	4406781	4412129	4.58257569495584
G000154205	431	2029486	2034206	4.58257569495584
G000436435	683	3647360	3652708	4.58257569495584
G000436435	197	1048215	1053563	4.509249752822894
G000154205	784	3695554	3700273	4.509249752822894
G000154205	165	774036	778756	4.509249752822894
G000436435	290	1545582	1550930	4.509249752822893
G000436435	971	5187594	5192942	4.358898943540674
G000154205	59	273744	278464	4.242640687119285
G000154205	782	3686114	3690834	4.242640687119285
G000154205	62	287903	292623	4.242640687119285
G000154205	57	264305	269025	4.242640687119285
G000436435	196	1042867	1048215	4.163331998932266
G000154205	142	665482	670202	4.041451884327381
G000436435	270	1438621	1443969	4.041451884327381
G000436435	918	4904149	4909497	4.041451884327381
G000154205	845	3983458	3988177	4.041451884327381
G000436435	431	2299655	2305003	4.04145188432738
G000436435	421	2246175	2251523	4.0
G000154205	181	849552	854272	3.785938897200183
G000154205	56	259585	264305	3.7859388972001824
G000436435	423	2256871	2262219	3.7859388972001824
G000436435	256	1363749	1369097	3.785938897200182
G000436435	231	1230048	1235396	3.605551275463989
G000154205	429	2020047	2024767	3.605551275463989
G000436435	261	1390489	1395837	3.605551275463989
G000154205	466	2194677	2199397	3.5355339059327378
G000154205	463	2180518	2185238	3.5355339059327378
G000154205	61	283184	287903	3.5355339059327378
G000154205	876	4129769	4134489	3.5355339059327378
G000436435	338	1802288	1807636	3.5118845842842465
G000154205	783	3690834	3695554	3.5118845842842465
G000154205	255	1198813	1203532	3.511884584284246
G000154205	742	3497325	3502044	3.214550253664319
G000436435	546	2914679	2920027	2.886751345948129
G000436435	57	299490	304838	2.8284271247461903
G000154205	30	136872	141592	2.8284271247461903
G000154205	60	278464	283184	2.8284271247461903
G000436435	230	1224700	1230048	2.6457513110645907
G000436435	82	433190	438538	2.6457513110645907
G000436435	83	438538	443886	2.6457513110645907
G000436435	802	4283776	4289124	2.6457513110645907
G000436435	198	1053563	1058911	2.5166114784235836
G000154205	789	3719152	3723872	2.3094010767585034
G000154205	29	132152	136872	2.3094010767585034
G000436435	917	4898800	4904149	2.1213203435596424
G000154205	875	4125050	4129769	2.1213203435596424
G000154205	143	670202	674922	2.0816659994661335
G000154205	430	2024767	2029486	2.081665999466133
G000436435	65	342274	347622	2.081665999466133
G000154205	874	4120330	4125050	2.0816659994661326
G000436435	393	2096430	2101778	2.0816659994661326
G000154205	184	863711	868431	2.0816659994661326
G000436435	340	1812984	1818332	2.0
G000154205	785	3700273	3704993	1.7320508075688772
G000436435	81	427842	433190	1.7320508075688772
G000154205	786	3704993	3709713	1.7320508075688772
G000436435	549	2930723	2936071	1.7320508075688772
G000154205	788	3714433	3719152	1.7320508075688772
G000436435	387	2064341	2069689	1.7320508075688772
G000154205	127	594686	599406	1.7320508075688772
G000154205	465	2189957	2194677	1.5275252316519468
G000436435	7	32088	37436	1.5275252316519465
G000436435	699	3732929	3738277	1.5275252316519465
G000154205	361	1699105	1703825	1.5275252316519463
G000436435	232	1235396	1240744	1.4142135623730951
G000154205	936	4412954	4417673	1.4142135623730951
G000154205	54	250146	254865	1.1547005383792517
G000436435	422	2251523	2256871	1.1547005383792517
G000154205	462	2175798	2180518	1.154700538379251
G000154205	230	1080819	1085539	1.0
G000436435	916	4893452	4898800	0.7071067811865476
G000154205	885	4172247	4176967	0.7071067811865476
G000154205	464	2185238	2189957	0.0
G000436435	339	1807636	1812984	0.0
G000154205	787	3709713	3714433	0.0
G000436435	700	3738277	3743625	0.0
G000154205	934	4403514	4408234	0.0
G000154205	467	2199397	2204117	0.0
