genome_id	bin_idx	bin_start	bin_stop	sample_hits_std
G000436435	91	481323	486671	6.8068592855540455
G000436435	692	3695492	3700840	6.658328118479393
G000436435	376	2005513	2010861	6.506407098647712
G000436435	472	2518924	2524272	6.506407098647712
G000436435	313	1668587	1673935	6.429100507328637
G000436435	776	4144727	4150075	6.429100507328637
G000436435	757	4043115	4048463	6.244997998398398
G000436435	147	780813	786161	6.244997998398398
G000436435	70	369014	374362	6.244997998398398
G000436435	157	834293	839641	6.110100926607787
G000436435	716	3823845	3829193	6.110100926607787
G000436435	479	2556361	2561709	6.110100926607787
G000436435	19	96264	101612	6.110100926607787
G000436435	857	4577918	4583266	6.110100926607786
G000436435	87	459931	465279	6.110100926607786
G000436435	280	1492102	1497450	6.110100926607786
G000436435	715	3818497	3823845	6.110100926607786
G000436435	368	1962729	1968077	6.110100926607786
G000436435	239	1272832	1278180	6.110100926607786
G000436435	800	4273080	4278428	6.082762530298219
G000436435	48	251357	256705	6.027713773341708
G000436435	612	3267649	3272998	6.027713773341708
G000436435	932	4979021	4984369	6.027713773341708
G000436435	20	101612	106960	6.027713773341707
G000436435	891	4759752	4765100	6.027713773341707
G000436435	361	1925292	1930640	6.027713773341707
G000436435	588	3139297	3144645	6.027713773341707
G000436435	551	2941419	2946767	6.027713773341707
G000436435	998	5331991	5337339	6.027713773341707
G000436435	41	213921	219269	6.0
G000436435	649	3465527	3470875	6.0
G000436435	344	1834376	1839724	6.0
G000436435	756	4037767	4043115	6.0
G000436435	168	893122	898470	6.0
G000436435	496	2647277	2652625	5.8594652770823155
G000436435	995	5315947	5321295	5.8594652770823155
G000436435	726	3877326	3882674	5.8594652770823155
G000436435	513	2738194	2743542	5.859465277082315
G000436435	165	877077	882425	5.859465277082315
G000436435	127	673852	679200	5.773502691896258
G000436435	54	283445	288793	5.686240703077327
G000436435	429	2288959	2294307	5.686240703077327
G000436435	646	3449483	3454831	5.686240703077327
G000436435	131	695244	700592	5.686240703077327
G000436435	348	1855768	1861116	5.686240703077327
G000436435	251	1337009	1342357	5.686240703077327
G000436435	880	4700923	4706271	5.686240703077327
G000436435	16	80220	85568	5.686240703077327
G000436435	976	5214335	5219683	5.686240703077327
G000436435	206	1096347	1101695	5.5677643628300215
G000436435	710	3791757	3797105	5.5677643628300215
G000436435	900	4807884	4813232	5.5677643628300215
G000436435	5	21392	26740	5.5677643628300215
G000436435	413	2203390	2208738	5.5677643628300215
G000436435	714	3813149	3818497	5.5677643628300215
G000436435	610	3256953	3262301	5.5677643628300215
G000436435	186	989386	994734	5.5677643628300215
G000436435	598	3192777	3198125	5.5677643628300215
G000436435	902	4818580	4823928	5.5677643628300215
G000436435	882	4711619	4716967	5.5677643628300215
G000436435	375	2000165	2005513	5.5677643628300215
G000436435	373	1989469	1994817	5.5677643628300215
G000436435	983	5251771	5257119	5.5677643628300215
G000436435	76	401102	406450	5.5677643628300215
G000436435	18	90916	96264	5.5677643628300215
G000436435	47	246009	251357	5.5677643628300215
G000436435	901	4813232	4818580	5.507570547286102
G000436435	332	1770199	1775547	5.507570547286102
G000436435	613	3272998	3278346	5.507570547286102
G000436435	862	4604658	4610007	5.507570547286102
G000436435	904	4829276	4834624	5.507570547286102
G000436435	885	4727663	4733011	5.507570547286102
G000436435	294	1566974	1572322	5.507570547286102
G000436435	851	4545830	4551178	5.507570547286102
G000436435	945	5048545	5053894	5.507570547286102
G000436435	369	1968077	1973425	5.507570547286102
G000436435	279	1486754	1492102	5.507570547286102
G000436435	309	1647195	1652543	5.507570547286102
G000436435	656	3502963	3508311	5.507570547286102
G000436435	936	5000413	5005761	5.507570547286102
G000436435	56	294141	299490	5.507570547286102
G000436435	987	5273163	5278511	5.507570547286102
G000436435	302	1609758	1615106	5.507570547286102
G000436435	327	1743459	1748807	5.507570547286102
G000436435	594	3171385	3176733	5.507570547286102
G000436435	234	1246092	1251440	5.507570547286102
G000154205	744	3506764	3511484	5.507570547286102
G000436435	354	1887856	1893204	5.507570547286102
G000436435	334	1780895	1786244	5.507570547286102
G000436435	162	861033	866381	5.507570547286102
G000436435	366	1952033	1957381	5.507570547286102
G000436435	525	2802370	2807718	5.507570547286102
G000436435	466	2486836	2492184	5.507570547286102
G000436435	933	4984369	4989717	5.507570547286102
G000436435	90	475975	481323	5.507570547286102
G000436435	297	1583018	1588366	5.507570547286102
G000436435	512	2732846	2738194	5.507570547286102
G000436435	561	2994900	3000248	5.507570547286102
G000436435	487	2599145	2604493	5.507570547286102
G000436435	406	2165954	2171302	5.507570547286102
G000436435	770	4112639	4117987	5.507570547286102
G000436435	982	5246423	5251771	5.507570547286102
G000436435	485	2588449	2593797	5.507570547286102
G000436435	704	3759669	3765017	5.507570547286102
G000436435	43	224617	229965	5.507570547286102
G000154205	870	4101451	4106171	5.507570547286101
G000154205	390	1835977	1840697	5.507570547286101
G000436435	953	5091330	5096678	5.291502622129181
G000436435	438	2337091	2342439	5.291502622129181
G000436435	135	716636	721984	5.291502622129181
G000436435	138	732680	738028	5.291502622129181
G000436435	718	3834541	3839889	5.291502622129181
G000436435	935	4995065	5000413	5.291502622129181
G000436435	503	2684714	2690062	5.291502622129181
G000436435	703	3754321	3759669	5.291502622129181
G000436435	3	10696	16044	5.291502622129181
G000436435	985	5262467	5267815	5.291502622129181
G000436435	170	903818	909166	5.291502622129181
G000436435	27	139048	144396	5.291502622129181
G000436435	806	4305168	4310517	5.291502622129181
G000436435	106	561543	566891	5.291502622129181
G000436435	42	219269	224617	5.291502622129181
G000436435	248	1320964	1326312	5.291502622129181
G000436435	418	2230131	2235479	5.291502622129181
G000436435	847	4524438	4529786	5.291502622129181
G000436435	884	4722315	4727663	5.291502622129181
G000436435	550	2936071	2941419	5.291502622129181
G000436435	202	1074955	1080303	5.291502622129181
G000154205	723	3407650	3412369	5.291502622129181
G000436435	684	3652708	3658056	5.196152422706632
G000436435	235	1251440	1256788	5.196152422706632
G000436435	233	1240744	1246092	5.196152422706632
G000436435	975	5208987	5214335	5.196152422706632
G000154205	896	4224164	4228884	5.196152422706632
G000436435	782	4176816	4182164	5.131601439446884
G000436435	758	4048463	4053811	5.131601439446884
G000436435	4	16044	21392	5.131601439446884
G000436435	329	1754155	1759503	5.131601439446884
G000436435	21	106960	112308	5.131601439446884
G000436435	13	64176	69524	5.131601439446884
G000154205	341	1604710	1609430	5.131601439446884
G000154205	493	2322110	2326830	5.131601439446884
G000436435	830	4433521	4438869	5.131601439446884
G000436435	209	1112391	1117739	5.131601439446884
G000436435	664	3545747	3551095	5.131601439446884
G000436435	211	1123087	1128435	5.131601439446884
G000436435	134	711288	716636	5.131601439446884
G000436435	477	2545665	2551013	5.131601439446884
G000436435	999	5337339	5342687	5.131601439446884
G000436435	307	1636499	1641847	5.131601439446884
G000436435	685	3658056	3663404	5.131601439446884
G000436435	849	4535134	4540482	5.131601439446884
G000436435	725	3871978	3877326	5.131601439446884
G000436435	722	3855933	3861281	5.131601439446884
G000436435	174	925210	930558	5.131601439446884
G000436435	457	2438704	2444052	5.131601439446884
G000436435	324	1727415	1732763	5.131601439446884
G000436435	861	4599310	4604658	5.131601439446884
G000154205	917	4323279	4327998	5.131601439446884
G000436435	44	229965	235313	5.131601439446884
G000436435	104	550847	556195	5.131601439446884
G000436435	155	823597	828945	5.131601439446884
G000436435	903	4823928	4829276	5.131601439446884
G000436435	518	2764934	2770282	5.131601439446884
G000436435	317	1689979	1695327	5.131601439446884
G000436435	878	4690227	4695575	5.131601439446884
G000436435	201	1069607	1074955	5.131601439446884
G000436435	965	5155506	5160854	5.131601439446884
G000436435	64	336926	342274	5.033222956847167
G000436435	693	3700840	3706188	5.033222956847167
G000436435	662	3535051	3540399	5.033222956847167
G000436435	541	2887939	2893287	5.033222956847167
G000436435	837	4470958	4476306	5.033222956847167
G000436435	921	4920193	4925541	5.033222956847167
G000436435	942	5032501	5037849	5.033222956847167
G000436435	404	2155258	2160606	5.033222956847167
G000436435	267	1422577	1427925	5.033222956847167
G000436435	143	759421	764769	5.033222956847167
G000436435	543	2898635	2903983	5.033222956847167
G000436435	957	5112722	5118070	5.033222956847167
G000436435	25	128352	133700	5.033222956847167
G000436435	455	2428008	2433356	5.033222956847167
G000436435	752	4016375	4021723	5.033222956847167
G000436435	475	2534969	2540317	5.033222956847167
G000436435	14	69524	74872	5.033222956847167
G000436435	453	2417312	2422660	5.033222956847167
G000436435	268	1427925	1433273	5.033222956847167
G000436435	579	3091164	3096512	5.033222956847167
G000436435	815	4353301	4358649	5.033222956847167
G000436435	62	326230	331578	5.033222956847167
G000436435	384	2048297	2053645	5.033222956847167
G000436435	519	2770282	2775630	5.033222956847167
G000436435	813	4342605	4347953	5.033222956847167
G000436435	873	4663487	4668835	5.033222956847167
G000436435	374	1994817	2000165	5.033222956847167
G000436435	562	3000248	3005596	5.033222956847167
G000436435	89	470627	475975	5.033222956847167
G000436435	620	3310434	3315782	5.033222956847167
G000436435	651	3476223	3481571	5.033222956847167
G000436435	101	534803	540151	5.033222956847167
G000436435	105	556195	561543	5.033222956847167
G000436435	284	1513494	1518842	5.033222956847166
G000436435	363	1935989	1941337	5.033222956847166
G000436435	807	4310517	4315865	5.033222956847166
G000436435	761	4064507	4069855	5.033222956847166
G000436435	490	2615189	2620537	5.033222956847166
G000436435	601	3208821	3214169	5.033222956847166
G000436435	978	5225031	5230379	5.033222956847166
G000436435	236	1256788	1262136	5.033222956847166
G000436435	836	4465610	4470958	5.033222956847166
G000436435	788	4208904	4214252	5.033222956847166
G000436435	292	1556278	1561626	5.033222956847166
G000436435	740	3952198	3957546	5.033222956847166
G000436435	379	2021557	2026905	5.033222956847166
G000436435	690	3684796	3690144	5.033222956847166
G000436435	37	192529	197877	5.033222956847166
G000436435	592	3160689	3166037	5.033222956847166
G000436435	102	540151	545499	5.033222956847166
G000436435	956	5107374	5112722	5.033222956847166
G000436435	129	684548	689896	5.033222956847166
G000436435	371	1978773	1984121	5.033222956847166
G000436435	355	1893204	1898552	5.033222956847166
G000436435	378	2016209	2021557	5.033222956847166
G000436435	940	5021805	5027153	5.033222956847166
G000436435	314	1673935	1679283	5.033222956847166
G000436435	653	3486919	3492267	5.033222956847166
G000436435	337	1796940	1802288	5.033222956847166
G000436435	887	4738359	4743707	5.033222956847166
G000436435	381	2032253	2037601	5.033222956847166
G000436435	39	203225	208573	5.0
G000436435	689	3679448	3684796	5.0
G000436435	362	1930640	1935989	5.0
G000436435	996	5321295	5326643	5.0
G000436435	72	379710	385058	5.0
G000436435	966	5160854	5166202	5.0
G000436435	380	2026905	2032253	5.0
G000436435	30	155093	160441	5.0
G000436435	216	1149827	1155175	5.0
G000436435	603	3219517	3224865	5.0
G000436435	306	1631150	1636499	5.0
G000436435	192	1021474	1026822	5.0
G000436435	358	1909248	1914596	5.0
G000436435	249	1326312	1331660	5.0
G000436435	517	2759586	2764934	5.0
G000436435	69	363666	369014	5.0
G000436435	164	871729	877077	5.0
G000436435	719	3839889	3845237	5.0
G000436435	191	1016126	1021474	5.0
G000436435	146	775465	780813	5.0
G000436435	365	1946685	1952033	5.0
G000436435	563	3005596	3010944	5.0
G000436435	939	5016457	5021805	5.0
G000436435	347	1850420	1855768	4.932882862316248
G000154205	687	3237739	3242459	4.932882862316248
G000436435	459	2449400	2454748	4.932882862316248
G000436435	237	1262136	1267484	4.932882862316248
G000436435	717	3829193	3834541	4.932882862316248
G000436435	783	4182164	4187512	4.932882862316248
G000154205	417	1963410	1968130	4.932882862316248
G000154205	704	3317975	3322694	4.932882862316248
G000436435	828	4422825	4428173	4.932882862316247
G000436435	979	5230379	5235727	4.932882862316247
G000436435	607	3240909	3246257	4.932882862316247
G000436435	470	2508228	2513576	4.932882862316247
G000154205	745	3511484	3516204	4.932882862316247
G000436435	791	4224948	4230296	4.932882862316247
G000436435	839	4481654	4487002	4.932882862316247
G000436435	859	4588614	4593962	4.932882862316247
G000436435	650	3470875	3476223	4.932882862316247
G000436435	77	406450	411798	4.932882862316247
G000436435	175	930558	935906	4.932882862316247
G000436435	640	3417395	3422743	4.932882862316247
G000154205	389	1831257	1835977	4.932882862316247
G000154205	483	2274913	2279632	4.932882862316247
G000436435	628	3353218	3358566	4.932882862316247
G000436435	163	866381	871729	4.932882862316247
G000436435	265	1411881	1417229	4.932882862316247
G000436435	858	4583266	4588614	4.725815626252609
G000436435	508	2711454	2716802	4.725815626252609
G000436435	207	1101695	1107043	4.725815626252609
G000436435	275	1465361	1470709	4.725815626252609
G000436435	708	3781061	3786409	4.725815626252609
G000154205	578	2723288	2728007	4.725815626252609
G000436435	171	909166	914514	4.725815626252609
G000154205	213	1000584	1005303	4.725815626252609
G000436435	750	4005678	4011027	4.725815626252609
G000436435	182	967994	973342	4.725815626252609
G000436435	832	4444217	4449565	4.725815626252609
G000436435	591	3155341	3160689	4.725815626252609
G000436435	792	4230296	4235644	4.725815626252609
G000436435	705	3765017	3770365	4.725815626252609
G000436435	988	5278511	5283859	4.725815626252609
G000436435	866	4626051	4631399	4.725815626252609
G000436435	638	3406698	3412046	4.725815626252609
G000436435	188	1000082	1005430	4.725815626252609
G000436435	491	2620537	2625885	4.725815626252609
G000436435	210	1117739	1123087	4.725815626252609
G000436435	804	4294472	4299820	4.725815626252609
G000436435	333	1775547	1780895	4.725815626252609
G000154205	482	2270193	2274913	4.725815626252609
G000436435	617	3294390	3299738	4.725815626252609
G000436435	853	4556526	4561874	4.725815626252609
G000436435	746	3984286	3989634	4.725815626252609
G000436435	38	197877	203225	4.725815626252609
G000436435	886	4733011	4738359	4.725815626252609
G000436435	695	3711536	3716885	4.725815626252609
G000436435	177	941254	946602	4.725815626252609
G000436435	794	4240992	4246340	4.725815626252609
G000436435	990	5289207	5294555	4.725815626252609
G000154205	1	0	4719	4.725815626252609
G000436435	370	1973425	1978773	4.725815626252609
G000436435	564	3010944	3016292	4.725815626252608
G000436435	577	3080468	3085816	4.725815626252608
G000154205	343	1614150	1618869	4.725815626252608
G000436435	614	3278346	3283694	4.725815626252608
G000154205	473	2227715	2232435	4.725815626252608
G000436435	372	1984121	1989469	4.725815626252608
G000436435	894	4775796	4781144	4.725815626252608
G000436435	789	4214252	4219600	4.725815626252608
G000154205	340	1599990	1604710	4.725815626252608
G000436435	537	2866547	2871895	4.725815626252608
G000436435	920	4914845	4920193	4.725815626252608
G000154205	344	1618869	1623589	4.725815626252608
G000436435	535	2855851	2861199	4.725815626252608
G000436435	23	117656	123004	4.725815626252608
G000154205	921	4342158	4346877	4.725815626252608
G000436435	604	3224865	3230213	4.725815626252608
G000436435	75	395754	401102	4.618802153517007
G000154205	629	2963994	2968714	4.618802153517007
G000154205	17	75515	80235	4.618802153517007
G000436435	497	2652625	2657973	4.618802153517007
G000436435	110	582935	588283	4.618802153517007
G000436435	142	754073	759421	4.618802153517007
G000154205	337	1585831	1590551	4.618802153517007
G000436435	713	3807801	3813149	4.618802153517007
G000436435	831	4438869	4444217	4.618802153517007
G000154205	638	3006472	3011192	4.618802153517006
G000154205	447	2105002	2109722	4.618802153517006
G000154205	621	2926236	2930956	4.618802153517006
G000436435	801	4278428	4283776	4.58257569495584
G000436435	205	1090999	1096347	4.58257569495584
G000436435	222	1181915	1187263	4.58257569495584
G000436435	659	3519007	3524355	4.58257569495584
G000436435	795	4246340	4251688	4.58257569495584
G000436435	855	4567222	4572570	4.58257569495584
G000436435	947	5059242	5064590	4.58257569495584
G000436435	926	4946933	4952281	4.58257569495584
G000436435	907	4845320	4850668	4.58257569495584
G000436435	303	1615106	1620454	4.58257569495584
G000436435	842	4497698	4503046	4.58257569495584
G000436435	383	2042949	2048297	4.58257569495584
G000436435	221	1176567	1181915	4.58257569495584
G000436435	172	914514	919862	4.58257569495584
G000436435	153	812901	818249	4.58257569495584
G000436435	61	320882	326230	4.58257569495584
G000436435	203	1080303	1085651	4.58257569495584
G000436435	94	497367	502715	4.58257569495584
G000154205	686	3233019	3237739	4.58257569495584
G000436435	991	5294555	5299903	4.58257569495584
G000436435	152	807553	812901	4.58257569495584
G000436435	559	2984204	2989552	4.58257569495584
G000436435	694	3706188	3711536	4.58257569495584
G000436435	225	1197960	1203308	4.58257569495584
G000436435	467	2492184	2497532	4.58257569495584
G000436435	822	4390737	4396085	4.58257569495584
G000436435	655	3497615	3502963	4.58257569495584
G000436435	552	2946767	2952115	4.58257569495584
G000436435	608	3246257	3251605	4.58257569495584
G000436435	677	3615272	3620620	4.58257569495584
G000436435	844	4508394	4513742	4.58257569495584
G000436435	905	4834624	4839972	4.58257569495584
G000436435	49	256705	262053	4.58257569495584
G000154205	628	2959275	2963994	4.58257569495584
G000436435	793	4235644	4240992	4.58257569495584
G000436435	869	4642095	4647443	4.58257569495584
G000436435	879	4695575	4700923	4.58257569495584
G000436435	959	5123418	5128766	4.58257569495584
G000436435	435	2321047	2326395	4.58257569495584
G000436435	9	42784	48132	4.58257569495584
G000436435	402	2144562	2149910	4.58257569495584
G000436435	478	2551013	2556361	4.58257569495584
G000436435	356	1898552	1903900	4.58257569495584
G000436435	277	1476057	1481405	4.58257569495584
G000436435	26	133700	139048	4.58257569495584
G000436435	408	2176650	2181998	4.58257569495584
G000436435	208	1107043	1112391	4.58257569495584
G000436435	567	3026988	3032336	4.58257569495584
G000436435	269	1433273	1438621	4.58257569495584
G000436435	941	5027153	5032501	4.58257569495584
G000436435	585	3123253	3128601	4.58257569495584
G000436435	930	4968325	4973673	4.58257569495584
G000436435	450	2401268	2406616	4.58257569495584
G000436435	747	3989634	3994982	4.58257569495584
G000436435	868	4636747	4642095	4.58257569495584
G000436435	111	588283	593631	4.58257569495584
G000436435	560	2989552	2994900	4.58257569495584
G000436435	187	994734	1000082	4.58257569495584
G000436435	59	310186	315534	4.58257569495584
G000436435	754	4027071	4032419	4.58257569495584
G000436435	220	1171219	1176567	4.58257569495584
G000436435	954	5096678	5102026	4.58257569495584
G000436435	126	668504	673852	4.58257569495584
G000436435	315	1679283	1684631	4.58257569495584
G000436435	874	4668835	4674183	4.58257569495584
G000436435	364	1941337	1946685	4.58257569495584
G000436435	798	4262384	4267732	4.58257569495584
G000436435	258	1374445	1379793	4.58257569495584
G000436435	501	2674018	2679366	4.58257569495584
G000436435	183	973342	978690	4.58257569495584
G000436435	586	3128601	3133949	4.509249752822894
G000436435	107	566891	572239	4.509249752822894
G000436435	281	1497450	1502798	4.509249752822894
G000436435	599	3198125	3203473	4.509249752822894
G000436435	113	598980	604328	4.509249752822894
G000436435	569	3037684	3043032	4.509249752822894
G000436435	909	4856016	4861364	4.509249752822894
G000436435	310	1652543	1657891	4.509249752822894
G000436435	803	4289124	4294472	4.509249752822894
G000436435	950	5075286	5080634	4.509249752822894
G000436435	283	1508146	1513494	4.509249752822894
G000436435	301	1604410	1609758	4.509249752822894
G000436435	865	4620703	4626051	4.509249752822894
G000436435	734	3920110	3925458	4.509249752822894
G000436435	6	26740	32088	4.509249752822894
G000436435	702	3748973	3754321	4.509249752822894
G000436435	166	882425	887773	4.509249752822894
G000436435	156	828945	834293	4.509249752822894
G000436435	159	844989	850337	4.509249752822894
G000436435	214	1139131	1144479	4.509249752822894
G000436435	226	1203308	1208656	4.509249752822894
G000436435	507	2706106	2711454	4.509249752822894
G000436435	526	2807718	2813066	4.509249752822894
G000436435	200	1064259	1069607	4.509249752822894
G000436435	132	700592	705940	4.509249752822894
G000436435	566	3021640	3026988	4.509249752822894
G000436435	741	3957546	3962894	4.509249752822894
G000436435	697	3722233	3727581	4.509249752822894
G000436435	419	2235479	2240827	4.509249752822894
G000436435	473	2524272	2529621	4.509249752822894
G000436435	223	1187263	1192612	4.509249752822894
G000436435	593	3166037	3171385	4.509249752822894
G000436435	733	3914762	3920110	4.509249752822894
G000436435	595	3176733	3182081	4.509249752822894
G000436435	282	1502798	1508146	4.509249752822894
G000436435	970	5182246	5187594	4.509249752822894
G000436435	809	4321213	4326561	4.509249752822894
G000154205	733	3454847	3459567	4.509249752822894
G000436435	456	2433356	2438704	4.509249752822894
G000436435	92	486671	492019	4.509249752822894
G000436435	204	1085651	1090999	4.509249752822894
G000436435	812	4337257	4342605	4.509249752822894
G000436435	520	2775630	2780978	4.509249752822894
G000436435	345	1839724	1845072	4.509249752822894
G000436435	723	3861281	3866630	4.509249752822894
G000436435	228	1214004	1219352	4.509249752822894
G000436435	484	2583101	2588449	4.509249752822894
G000436435	109	577587	582935	4.509249752822894
G000436435	576	3075120	3080468	4.509249752822894
G000436435	993	5305251	5310599	4.509249752822894
G000436435	665	3551095	3556443	4.509249752822894
G000436435	780	4166120	4171468	4.509249752822894
G000436435	447	2385224	2390572	4.509249752822894
G000436435	169	898470	903818	4.509249752822894
G000436435	565	3016292	3021640	4.509249752822894
G000436435	124	657808	663156	4.509249752822894
G000154205	263	1236571	1241290	4.509249752822894
G000436435	644	3438787	3444135	4.509249752822894
G000436435	790	4219600	4224948	4.509249752822894
G000436435	22	112308	117656	4.509249752822894
G000436435	160	850337	855685	4.509249752822894
G000436435	452	2411964	2417312	4.509249752822894
G000436435	311	1657891	1663239	4.509249752822894
G000436435	305	1625802	1631150	4.509249752822894
G000436435	833	4449565	4454913	4.509249752822894
G000436435	915	4888104	4893452	4.509249752822894
G000436435	810	4326561	4331909	4.509249752822894
G000436435	958	5118070	5123418	4.509249752822894
G000436435	678	3620620	3625968	4.509249752822894
G000436435	502	2679366	2684714	4.509249752822894
G000436435	252	1342357	1347705	4.509249752822894
G000436435	709	3786409	3791757	4.509249752822894
G000436435	401	2139214	2144562	4.509249752822894
G000436435	938	5011109	5016457	4.509249752822894
G000436435	426	2272915	2278263	4.509249752822894
G000436435	883	4716967	4722315	4.509249752822894
G000436435	669	3572488	3577836	4.509249752822894
G000436435	437	2331743	2337091	4.509249752822894
G000154205	716	3374611	3379331	4.358898943540674
G000436435	505	2695410	2700758	4.358898943540674
G000154205	380	1788780	1793500	4.358898943540674
G000154205	543	2558097	2562817	4.358898943540674
G000154205	144	674922	679642	4.358898943540674
G000154205	664	3129185	3133905	4.358898943540674
G000436435	931	4973673	4979021	4.358898943540674
G000154205	530	2496740	2501460	4.358898943540674
G000154205	251	1179934	1184653	4.358898943540674
G000154205	517	2435384	2440104	4.358898943540674
G000154205	760	3582280	3587000	4.358898943540674
G000436435	721	3850585	3855933	4.358898943540674
G000436435	68	358318	363666	4.358898943540674
G000436435	240	1278180	1283528	4.358898943540674
G000436435	674	3599228	3604576	4.358898943540674
G000154205	732	3450127	3454847	4.358898943540674
G000436435	195	1037518	1042867	4.358898943540674
G000154205	729	3435968	3440688	4.358898943540674
G000154205	746	3516204	3520923	4.358898943540674
G000154205	134	627725	632444	4.358898943540674
G000436435	486	2593797	2599145	4.358898943540674
G000154205	846	3988177	3992897	4.358898943540674
G000436435	984	5257119	5262467	4.358898943540674
G000154205	825	3889063	3893783	4.358898943540674
G000436435	245	1304920	1310268	4.358898943540674
G000436435	331	1764851	1770199	4.358898943540674
G000154205	280	1316806	1321526	4.358898943540674
G000154205	44	202948	207668	4.358898943540674
G000436435	527	2813066	2818414	4.358898943540674
G000154205	971	4578144	4582864	4.358898943540674
G000436435	150	796857	802205	4.358898943540674
G000436435	454	2422660	2428008	4.358898943540674
G000436435	463	2470792	2476140	4.358898943540674
G000154205	956	4507348	4512068	4.358898943540674
G000436435	968	5171550	5176898	4.358898943540674
G000154205	516	2430664	2435384	4.358898943540674
G000436435	278	1481405	1486754	4.358898943540674
G000154205	667	3143344	3148064	4.358898943540674
G000436435	244	1299572	1304920	4.358898943540674
G000436435	896	4786492	4791840	4.358898943540674
G000436435	618	3299738	3305086	4.358898943540674
G000154205	811	3822986	3827706	4.358898943540674
G000154205	342	1609430	1614150	4.358898943540674
G000154205	212	995864	1000584	4.358898943540674
G000154205	288	1354564	1359284	4.358898943540674
G000154205	897	4228884	4233604	4.358898943540674
G000154205	210	986425	991144	4.358898943540674
G000436435	86	454583	459931	4.358898943540674
G000154205	851	4011776	4016496	4.358898943540674
G000154205	922	4346877	4351597	4.358898943540674
G000154205	753	3549242	3553961	4.358898943540674
G000436435	24	123004	128352	4.358898943540674
G000154205	776	3657796	3662515	4.358898943540674
G000154205	526	2477861	2482581	4.358898943540674
G000436435	570	3043032	3048380	4.358898943540674
G000154205	724	3412369	3417089	4.358898943540674
G000436435	391	2085734	2091082	4.358898943540674
G000436435	745	3978938	3984286	4.358898943540674
G000436435	652	3481571	3486919	4.358898943540674
G000154205	273	1283768	1288488	4.358898943540674
G000154205	837	3945700	3950419	4.358898943540674
G000154205	145	679642	684361	4.358898943540674
G000154205	781	3681394	3686114	4.358898943540674
G000436435	558	2978856	2984204	4.358898943540674
G000436435	432	2305003	2310351	4.358898943540674
G000154205	545	2567536	2572256	4.358898943540674
G000154205	864	4073133	4077852	4.358898943540674
G000154205	135	632444	637164	4.358898943540674
G000154205	360	1694385	1699105	4.163331998932266
G000436435	63	331578	336926	4.163331998932266
G000154205	972	4582864	4587584	4.163331998932266
G000436435	409	2181998	2187346	4.163331998932266
G000436435	629	3358566	3363914	4.163331998932266
G000436435	597	3187429	3192777	4.163331998932266
G000154205	186	873151	877871	4.163331998932266
G000154205	670	3157504	3162223	4.163331998932266
G000436435	753	4021723	4027071	4.163331998932266
G000436435	441	2353135	2358483	4.163331998932266
G000436435	189	1005430	1010778	4.163331998932266
G000154205	644	3034790	3039510	4.163331998932266
G000436435	489	2609841	2615189	4.163331998932266
G000436435	805	4299820	4305168	4.163331998932266
G000154205	818	3856025	3860744	4.163331998932266
G000436435	906	4839972	4845320	4.163331998932266
G000154205	983	4634781	4639501	4.163331998932266
G000154205	610	2874319	2879039	4.163331998932266
G000436435	854	4561874	4567222	4.163331998932266
G000436435	539	2877243	2882591	4.163331998932266
G000154205	549	2586415	2591135	4.163331998932266
G000154205	973	4587584	4592304	4.163331998932266
G000154205	231	1085539	1090259	4.163331998932266
G000154205	246	1156335	1161055	4.163331998932266
G000154205	838	3950419	3955139	4.163331998932266
G000154205	248	1165775	1170494	4.163331998932266
G000154205	201	943947	948667	4.163331998932266
G000154205	636	2997032	3001752	4.163331998932266
G000436435	589	3144645	3149993	4.163331998932266
G000436435	149	791509	796857	4.163331998932266
G000154205	204	958106	962826	4.163331998932266
G000436435	224	1192612	1197960	4.163331998932266
G000436435	673	3593880	3599228	4.163331998932266
G000154205	806	3799388	3804108	4.163331998932266
G000154205	51	235986	240706	4.163331998932266
G000436435	992	5299903	5305251	4.163331998932266
G000436435	259	1379793	1385141	4.163331998932266
G000154205	269	1264889	1269609	4.163331998932266
G000436435	367	1957381	1962729	4.163331998932266
G000436435	545	2909331	2914679	4.163331998932266
G000436435	51	267401	272749	4.163331998932266
G000436435	899	4802536	4807884	4.163331998932265
G000436435	246	1310268	1315616	4.163331998932265
G000436435	706	3770365	3775713	4.163331998932265
G000436435	605	3230213	3235561	4.163331998932265
G000436435	55	288793	294141	4.163331998932265
G000436435	522	2786326	2791674	4.163331998932265
G000436435	318	1695327	1700675	4.163331998932265
G000436435	389	2075037	2080386	4.163331998932265
G000436435	781	4171468	4176816	4.163331998932265
G000436435	755	4032419	4037767	4.163331998932265
G000436435	117	620372	625720	4.163331998932265
G000436435	78	411798	417146	4.163331998932265
G000154205	304	1430080	1434800	4.163331998932265
G000436435	963	5144810	5150158	4.163331998932265
G000436435	93	492019	497367	4.163331998932265
G000436435	492	2625885	2631233	4.163331998932265
G000436435	95	502715	508063	4.163331998932265
G000436435	465	2481488	2486836	4.163331998932265
G000436435	736	3930806	3936154	4.163331998932265
G000436435	264	1406533	1411881	4.163331998932265
G000436435	625	3337174	3342522	4.163331998932265
G000436435	285	1518842	1524190	4.163331998932265
G000436435	349	1861116	1866464	4.163331998932265
G000436435	739	3946850	3952198	4.163331998932265
G000436435	536	2861199	2866547	4.163331998932265
G000436435	554	2957463	2962811	4.163331998932265
G000436435	852	4551178	4556526	4.163331998932265
G000436435	431	2299655	2305003	4.163331998932265
G000436435	79	417146	422494	4.163331998932265
G000436435	898	4797188	4802536	4.163331998932265
G000436435	977	5219683	5225031	4.163331998932265
G000154205	852	4016496	4021215	4.041451884327381
G000154205	919	4332718	4337438	4.041451884327381
G000154205	495	2331550	2336269	4.041451884327381
G000154205	773	3643636	3648356	4.041451884327381
G000154205	387	1821818	1826538	4.041451884327381
G000154205	339	1595271	1599990	4.041451884327381
G000436435	359	1914596	1919944	4.041451884327381
G000154205	622	2930956	2935676	4.041451884327381
G000436435	73	385058	390406	4.041451884327381
G000154205	480	2260754	2265473	4.041451884327381
G000154205	771	3634197	3638917	4.041451884327381
G000154205	261	1227131	1231851	4.041451884327381
G000436435	100	529455	534803	4.041451884327381
G000436435	911	4866712	4872060	4.041451884327381
G000436435	743	3968242	3973590	4.041451884327381
G000154205	766	3610598	3615318	4.041451884327381
G000154205	505	2378747	2383467	4.041451884327381
G000436435	660	3524355	3529703	4.041451884327381
G000436435	533	2845155	2850503	4.041451884327381
G000154205	642	3025351	3030071	4.041451884327381
G000436435	420	2240827	2246175	4.041451884327381
G000154205	205	962826	967546	4.041451884327381
G000154205	264	1241290	1246010	4.041451884327381
G000436435	66	347622	352970	4.041451884327381
G000436435	253	1347705	1353053	4.041451884327381
G000154205	392	1845417	1850136	4.041451884327381
G000154205	988	4658380	4663100	4.041451884327381
G000436435	863	4610007	4615355	4.041451884327381
G000436435	645	3444135	3449483	4.041451884327381
G000436435	557	2973508	2978856	4.041451884327381
G000436435	897	4791840	4797188	4.041451884327381
G000154205	669	3152784	3157504	4.041451884327381
G000436435	326	1738111	1743459	4.041451884327381
G000154205	996	4696138	4700858	4.041451884327381
G000436435	890	4754404	4759752	4.041451884327381
G000436435	843	4503046	4508394	4.041451884327381
G000436435	424	2262219	2267567	4.041451884327381
G000436435	590	3149993	3155341	4.041451884327381
G000436435	460	2454748	2460096	4.041451884327381
G000436435	881	4706271	4711619	4.041451884327381
G000154205	731	3445408	3450127	4.041451884327381
G000154205	312	1467838	1472557	4.041451884327381
G000436435	748	3994982	4000330	4.041451884327381
G000436435	946	5053894	5059242	4.041451884327381
G000436435	436	2326395	2331743	4.041451884327381
G000436435	927	4952281	4957629	4.041451884327381
G000154205	908	4280801	4285521	4.041451884327381
G000154205	600	2827122	2831842	4.041451884327381
G000436435	737	3936154	3941502	4.041451884327381
G000436435	676	3609924	3615272	4.041451884327381
G000436435	388	2069689	2075037	4.041451884327381
G000436435	274	1460013	1465361	4.041451884327381
G000436435	71	374362	379710	4.041451884327381
G000436435	779	4160772	4166120	4.041451884327381
G000436435	686	3663404	3668752	4.041451884327381
G000436435	840	4487002	4492350	4.041451884327381
G000154205	33	151031	155751	4.041451884327381
G000154205	185	868431	873151	4.041451884327381
G000154205	41	188789	193509	4.041451884327381
G000436435	602	3214169	3219517	4.041451884327381
G000154205	413	1944531	1949251	4.041451884327381
G000436435	529	2823763	2829111	4.041451884327381
G000154205	631	2973434	2978154	4.041451884327381
G000436435	336	1791592	1796940	4.041451884327381
G000436435	698	3727581	3732929	4.041451884327381
G000154205	550	2591135	2595855	4.041451884327381
G000154205	198	929788	934507	4.041451884327381
G000436435	912	4872060	4877408	4.041451884327381
G000154205	533	2510900	2515619	4.041451884327381
G000436435	468	2497532	2502880	4.041451884327381
G000436435	864	4615355	4620703	4.041451884327381
G000154205	157	736278	740998	4.041451884327381
G000436435	712	3802453	3807801	4.041451884327381
G000436435	323	1722067	1727415	4.041451884327381
G000436435	442	2358483	2363831	4.041451884327381
G000436435	925	4941585	4946933	4.041451884327381
G000154205	850	4007056	4011776	4.041451884327381
G000436435	729	3893370	3898718	4.041451884327381
G000436435	217	1155175	1160523	4.041451884327381
G000154205	576	2713848	2718568	4.041451884327381
G000436435	67	352970	358318	4.041451884327381
G000154205	276	1297927	1302647	4.041451884327381
G000436435	137	727332	732680	4.041451884327381
G000154205	661	3115026	3119746	4.041451884327381
G000436435	247	1315616	1320964	4.041451884327381
G000436435	521	2780978	2786326	4.041451884327381
G000154205	504	2374027	2378747	4.041451884327381
G000436435	524	2797022	2802370	4.041451884327381
G000436435	670	3577836	3583184	4.041451884327381
G000154205	147	689081	693801	4.041451884327381
G000154205	646	3044230	3048950	4.041451884327381
G000436435	600	3203473	3208821	4.041451884327381
G000154205	548	2581696	2586415	4.041451884327381
G000436435	238	1267484	1272832	4.041451884327381
G000436435	819	4374693	4380041	4.041451884327381
G000154205	371	1746302	1751022	4.041451884327381
G000154205	14	61356	66076	4.041451884327381
G000154205	584	2751606	2756326	4.041451884327381
G000154205	603	2841281	2846001	4.041451884327381
G000436435	808	4315865	4321213	4.041451884327381
G000436435	727	3882674	3888022	4.041451884327381
G000436435	889	4749055	4754404	4.041451884327381
G000154205	859	4049534	4054254	4.041451884327381
G000436435	827	4417477	4422825	4.041451884327381
G000154205	898	4233604	4238323	4.041451884327381
G000436435	773	4128683	4134031	4.041451884327381
G000436435	867	4631399	4636747	4.041451884327381
G000436435	964	5150158	5155506	4.041451884327381
G000436435	299	1593714	1599062	4.041451884327381
G000436435	919	4909497	4914845	4.041451884327381
G000154205	459	2161639	2166359	4.041451884327381
G000154205	688	3242459	3247179	4.041451884327381
G000436435	515	2748890	2754238	4.041451884327381
G000436435	596	3182081	3187429	4.041451884327381
G000436435	227	1208656	1214004	4.041451884327381
G000436435	749	4000330	4005678	4.041451884327381
G000154205	85	396457	401177	4.041451884327381
G000436435	972	5192942	5198290	4.041451884327381
G000154205	577	2718568	2723288	4.041451884327381
G000436435	451	2406616	2411964	4.041451884327381
G000436435	360	1919944	1925292	4.041451884327381
G000436435	493	2631233	2636581	4.041451884327381
G000436435	578	3085816	3091164	4.041451884327381
G000154205	479	2256034	2260754	4.041451884327381
G000436435	846	4519090	4524438	4.0
G000436435	141	748725	754073	4.0
G000436435	544	2903983	2909331	4.0
G000436435	15	74872	80220	4.0
G000154205	222	1043061	1047781	4.0
G000436435	634	3385306	3390654	4.0
G000436435	176	935906	941254	4.0
G000436435	433	2310351	2315699	4.0
G000436435	291	1550930	1556278	4.0
G000436435	821	4385389	4390737	4.0
G000436435	185	984038	989386	4.0
G000154205	180	844832	849552	4.0
G000154205	488	2298511	2303231	4.0
G000436435	276	1470709	1476057	4.0
G000436435	728	3888022	3893370	4.0
G000154205	547	2576976	2581696	4.0
G000436435	504	2690062	2695410	4.0
G000436435	116	615024	620372	4.0
G000436435	474	2529621	2534969	4.0
G000436435	730	3898718	3904066	4.0
G000436435	85	449235	454583	4.0
G000436435	400	2133866	2139214	4.0
G000436435	469	2502880	2508228	4.0
G000154205	329	1548073	1552793	4.0
G000436435	738	3941502	3946850	4.0
G000436435	448	2390572	2395920	4.0
G000436435	114	604328	609676	4.0
G000154205	306	1439519	1444239	4.0
G000436435	103	545499	550847	4.0
G000436435	243	1294224	1299572	4.0
G000436435	461	2460096	2465444	4.0
G000436435	483	2577753	2583101	4.0
G000436435	218	1160523	1165871	4.0
G000436435	414	2208738	2214086	4.0
G000436435	834	4454913	4460262	4.0
G000436435	242	1288876	1294224	4.0
G000436435	948	5064590	5069938	4.0
G000436435	443	2363831	2369179	4.0
G000436435	1000	5342687	5348037	4.0
G000436435	969	5176898	5182246	4.0
G000436435	914	4882756	4888104	4.0
G000436435	407	2171302	2176650	4.0
G000436435	762	4069855	4075203	4.0
G000436435	742	3962894	3968242	4.0
G000436435	390	2080386	2085734	4.0
G000436435	816	4358649	4363997	4.0
G000436435	850	4540482	4545830	4.0
G000436435	893	4770448	4775796	4.0
G000436435	955	5102026	5107374	4.0
G000436435	534	2850503	2855851	4.0
G000436435	799	4267732	4273080	3.785938897200183
G000436435	112	593631	598980	3.785938897200183
G000436435	411	2192694	2198042	3.785938897200183
G000436435	471	2513576	2518924	3.785938897200183
G000436435	764	4080551	4085899	3.785938897200183
G000436435	125	663156	668504	3.785938897200183
G000436435	440	2347787	2353135	3.785938897200183
G000436435	133	705940	711288	3.785938897200183
G000436435	241	1283528	1288876	3.785938897200183
G000436435	973	5198290	5203639	3.785938897200183
G000436435	287	1529538	1534886	3.785938897200183
G000436435	286	1524190	1529538	3.785938897200183
G000436435	615	3283694	3289042	3.785938897200183
G000436435	148	786161	791509	3.785938897200183
G000436435	29	149745	155093	3.785938897200183
G000436435	630	3363914	3369262	3.785938897200183
G000436435	934	4989717	4995065	3.785938897200183
G000436435	658	3513659	3519007	3.785938897200183
G000436435	52	272749	278097	3.785938897200183
G000436435	735	3925458	3930806	3.785938897200183
G000436435	12	58828	64176	3.785938897200183
G000154205	692	3261338	3266058	3.785938897200183
G000436435	542	2893287	2898635	3.785938897200183
G000154205	83	387018	391738	3.7859388972001824
G000154205	968	4563985	4568705	3.7859388972001824
G000154205	960	4526227	4530947	3.7859388972001824
G000436435	654	3492267	3497615	3.7859388972001824
G000154205	827	3898502	3903222	3.7859388972001824
G000154205	80	372859	377578	3.7859388972001824
G000154205	949	4474310	4479030	3.7859388972001824
G000154205	635	2992313	2997032	3.7859388972001824
G000154205	595	2803523	2808243	3.7859388972001824
G000154205	13	56636	61356	3.7859388972001824
G000154205	229	1076100	1080819	3.7859388972001824
G000436435	967	5166202	5171550	3.7859388972001824
G000154205	141	660763	665482	3.7859388972001824
G000154205	722	3402930	3407650	3.7859388972001824
G000154205	831	3917381	3922101	3.7859388972001824
G000154205	164	769317	774036	3.7859388972001824
G000154205	801	3775789	3780509	3.7859388972001824
G000436435	532	2839807	2845155	3.7859388972001824
G000436435	888	4743707	4749055	3.7859388972001824
G000154205	634	2987593	2992313	3.7859388972001824
G000154205	243	1142176	1146896	3.7859388972001824
G000154205	676	3185822	3190542	3.7859388972001824
G000154205	219	1028902	1033622	3.7859388972001824
G000154205	518	2440104	2444823	3.7859388972001824
G000436435	553	2952115	2957463	3.7859388972001824
G000154205	179	840113	844832	3.7859388972001824
G000154205	707	3332134	3336854	3.7859388972001824
G000154205	66	306782	311502	3.7859388972001824
G000154205	568	2676090	2680810	3.7859388972001824
G000436435	290	1545582	1550930	3.7859388972001824
G000436435	494	2636581	2641929	3.7859388972001824
G000154205	208	976985	981705	3.7859388972001824
G000154205	793	3738031	3742751	3.7859388972001824
G000436435	352	1877160	1882508	3.7859388972001824
G000154205	481	2265473	2270193	3.7859388972001824
G000154205	487	2293792	2298511	3.7859388972001824
G000154205	271	1274328	1279048	3.7859388972001824
G000154205	105	490852	495572	3.7859388972001824
G000154205	891	4200565	4205285	3.7859388972001824
G000154205	282	1326246	1330965	3.7859388972001824
G000154205	265	1246010	1250730	3.7859388972001824
G000154205	52	240706	245426	3.7859388972001824
G000154205	941	4436552	4441272	3.7859388972001824
G000154205	698	3289656	3294376	3.7859388972001824
G000154205	115	538050	542769	3.7859388972001824
G000154205	498	2345709	2350429	3.7859388972001824
G000154205	601	2831842	2836561	3.7859388972001824
G000154205	557	2624173	2628893	3.7859388972001824
G000436435	145	770117	775465	3.7859388972001824
G000154205	709	3341573	3346293	3.7859388972001824
G000154205	218	1024182	1028902	3.7859388972001824
G000154205	130	608846	613565	3.7859388972001824
G000154205	613	2888479	2893198	3.7859388972001824
G000154205	200	939227	943947	3.7859388972001824
G000154205	471	2218276	2222996	3.7859388972001824
G000154205	542	2553377	2558097	3.7859388972001824
G000436435	528	2818414	2823763	3.7859388972001824
G000154205	769	3624758	3629477	3.7859388972001824
G000154205	829	3907942	3912661	3.7859388972001824
G000154205	217	1019463	1024182	3.7859388972001824
G000154205	281	1321526	1326246	3.7859388972001824
G000154205	663	3124465	3129185	3.7859388972001824
G000154205	928	4375196	4379915	3.7859388972001824
G000436435	994	5310599	5315947	3.7859388972001824
G000154205	916	4318559	4323279	3.7859388972001824
G000154205	362	1703825	1708544	3.7859388972001824
G000154205	513	2416505	2421225	3.7859388972001824
G000154205	985	4644221	4648940	3.7859388972001824
G000436435	88	465279	470627	3.7859388972001824
G000154205	113	528610	533330	3.7859388972001824
G000154205	151	707960	712680	3.7859388972001824
G000154205	659	3105586	3110306	3.7859388972001824
G000436435	913	4877408	4882756	3.7859388972001824
G000154205	286	1345125	1349844	3.7859388972001824
G000154205	652	3072548	3077268	3.7859388972001824
G000154205	566	2666651	2671371	3.7859388972001824
G000154205	903	4257202	4261922	3.7859388972001824
G000154205	268	1260169	1264889	3.7859388972001824
G000154205	199	934507	939227	3.7859388972001824
G000154205	556	2619454	2624173	3.7859388972001824
G000154205	8	33038	37757	3.7859388972001824
G000436435	296	1577670	1583018	3.7859388972001824
G000154205	257	1208252	1212972	3.7859388972001824
G000154205	5	18878	23598	3.7859388972001824
G000436435	254	1353053	1358401	3.7859388972001824
G000154205	320	1505596	1510315	3.7859388972001824
G000154205	819	3860744	3865464	3.7859388972001824
G000154205	957	4512068	4516788	3.7859388972001824
G000154205	763	3596439	3601159	3.7859388972001824
G000154205	10	42477	47197	3.7859388972001824
G000154205	931	4389355	4394075	3.7859388972001824
G000154205	939	4427113	4431833	3.7859388972001824
G000154205	353	1661347	1666067	3.7859388972001824
G000154205	681	3209421	3214140	3.7859388972001824
G000154205	718	3384051	3388771	3.7859388972001824
G000154205	316	1486717	1491436	3.7859388972001824
G000154205	456	2147480	2152200	3.7859388972001824
G000154205	643	3030071	3034790	3.7859388972001824
G000154205	792	3733311	3738031	3.7859388972001824
G000154205	752	3544522	3549242	3.7859388972001824
G000154205	966	4554546	4559265	3.7859388972001824
G000154205	593	2794084	2798804	3.7859388972001824
G000154205	501	2359868	2364588	3.7859388972001824
G000154205	693	3266058	3270777	3.7859388972001824
G000154205	484	2279632	2284352	3.7859388972001824
G000154205	331	1557513	1562232	3.7859388972001824
G000154205	826	3893783	3898502	3.7859388972001824
G000154205	623	2935676	2940396	3.7859388972001824
G000154205	149	698521	703240	3.7859388972001824
G000436435	772	4123335	4128683	3.7859388972001824
G000154205	379	1784060	1788780	3.7859388972001824
G000154205	266	1250730	1255450	3.7859388972001824
G000154205	987	4653660	4658380	3.7859388972001824
G000154205	537	2529779	2534498	3.7859388972001824
G000154205	364	1713264	1717984	3.7859388972001824
G000436435	687	3668752	3674100	3.7859388972001824
G000154205	606	2855440	2860160	3.7859388972001824
G000154205	906	4271361	4276081	3.7859388972001824
G000154205	500	2355148	2359868	3.7859388972001824
G000436435	797	4257036	4262384	3.7859388972001824
G000154205	999	4710297	4715017	3.7859388972001824
G000154205	734	3459567	3464286	3.605551275463989
G000436435	173	919862	925210	3.605551275463989
G000436435	944	5043197	5048545	3.605551275463989
G000154205	428	2015327	2020047	3.605551275463989
G000154205	511	2407065	2411785	3.605551275463989
G000154205	351	1651907	1656627	3.605551275463989
G000154205	598	2817682	2822402	3.605551275463989
G000436435	981	5241075	5246423	3.605551275463989
G000154205	146	684361	689081	3.605551275463989
G000154205	138	646603	651323	3.605551275463989
G000154205	672	3166943	3171663	3.605551275463989
G000154205	152	712680	717400	3.605551275463989
G000154205	378	1779340	1784060	3.605551275463989
G000436435	986	5267815	5273163	3.605551275463989
G000154205	553	2605294	2610014	3.605551275463989
G000436435	488	2604493	2609841	3.605551275463989
G000436435	425	2267567	2272915	3.605551275463989
G000154205	190	892030	896750	3.605551275463989
G000154205	241	1132736	1137456	3.605551275463989
G000436435	511	2727498	2732846	3.605551275463989
G000154205	599	2822402	2827122	3.605551275463989
G000154205	832	3922101	3926821	3.605551275463989
G000154205	756	3563401	3568121	3.605551275463989
G000154205	79	368139	372859	3.605551275463989
G000154205	458	2156919	2161639	3.605551275463989
G000154205	372	1751022	1755742	3.605551275463989
G000154205	163	764597	769317	3.605551275463989
G000154205	377	1774621	1779340	3.605551275463989
G000436435	498	2657973	2663321	3.605551275463989
G000436435	924	4936237	4941585	3.605551275463989
G000154205	894	4214725	4219444	3.605551275463989
G000154205	375	1765181	1769901	3.605551275463989
G000154205	700	3299096	3303815	3.605551275463989
G000436435	273	1454665	1460013	3.605551275463989
G000154205	844	3978738	3983458	3.605551275463989
G000154205	221	1038342	1043061	3.605551275463989
G000436435	96	508063	513411	3.605551275463989
G000154205	101	471973	476693	3.605551275463989
G000154205	524	2468422	2473142	3.605551275463989
G000154205	554	2610014	2614734	3.605551275463989
G000436435	771	4117987	4123335	3.605551275463989
G000154205	332	1562232	1566952	3.605551275463989
G000154205	738	3478446	3483165	3.605551275463989
G000436435	386	2058993	2064341	3.605551275463989
G000154205	49	226547	231267	3.605551275463989
G000436435	10	48132	53480	3.605551275463989
G000154205	461	2171079	2175798	3.605551275463989
G000154205	645	3039510	3044230	3.605551275463989
G000154205	497	2340989	2345709	3.605551275463989
G000154205	594	2798804	2803523	3.605551275463989
G000154205	192	901469	906189	3.605551275463989
G000154205	563	2652492	2657211	3.605551275463989
G000154205	457	2152200	2156919	3.605551275463989
G000154205	911	4294960	4299680	3.605551275463989
G000436435	99	524107	529455	3.605551275463989
G000154205	580	2732727	2737447	3.605551275463989
G000154205	867	4087292	4092011	3.605551275463989
G000154205	655	3086707	3091427	3.605551275463989
G000436435	856	4572570	4577918	3.605551275463989
G000436435	587	3133949	3139297	3.605551275463989
G000154205	370	1741582	1746302	3.605551275463989
G000436435	357	1903900	1909248	3.605551275463989
G000154205	620	2921517	2926236	3.605551275463989
G000154205	425	2001168	2005888	3.605551275463989
G000154205	839	3955139	3959859	3.605551275463989
G000154205	211	991144	995864	3.605551275463989
G000154205	176	825953	830673	3.605551275463989
G000154205	714	3365172	3369892	3.605551275463989
G000436435	841	4492350	4497698	3.605551275463989
G000154205	943	4445992	4450711	3.605551275463989
G000436435	140	743377	748725	3.605551275463989
G000154205	510	2402346	2407065	3.605551275463989
G000154205	924	4356317	4361036	3.605551275463989
G000154205	892	4205285	4210005	3.605551275463989
G000154205	247	1161055	1165775	3.605551275463989
G000154205	539	2539218	2543938	3.605551275463989
G000154205	559	2633613	2638332	3.605551275463989
G000436435	219	1165871	1171219	3.605551275463989
G000436435	621	3315782	3321130	3.605551275463989
G000154205	809	3813547	3818267	3.605551275463989
G000154205	293	1378163	1382882	3.605551275463989
G000154205	666	3138625	3143344	3.605551275463989
G000154205	735	3464286	3469006	3.605551275463989
G000154205	69	320942	325661	3.605551275463989
G000436435	295	1572322	1577670	3.605551275463989
G000154205	47	217107	221827	3.605551275463989
G000154205	713	3360452	3365172	3.605551275463989
G000154205	245	1151615	1156335	3.605551275463989
G000436435	350	1866464	1871812	3.605551275463989
G000154205	918	4327998	4332718	3.605551275463989
G000154205	815	3841865	3846585	3.605551275463989
G000154205	816	3846585	3851305	3.605551275463989
G000154205	841	3964579	3969298	3.605551275463989
G000154205	104	486132	490852	3.605551275463989
G000154205	796	3752190	3756910	3.605551275463989
G000436435	328	1748807	1754155	3.605551275463989
G000436435	11	53480	58828	3.605551275463989
G000154205	531	2501460	2506180	3.605551275463989
G000154205	940	4431833	4436552	3.605551275463989
G000154205	209	981705	986425	3.605551275463989
G000154205	964	4545106	4549826	3.605551275463989
G000436435	997	5326643	5331991	3.605551275463989
G000436435	580	3096512	3101860	3.605551275463989
G000154205	873	4115610	4120330	3.605551275463989
G000154205	450	2119161	2123881	3.605551275463989
G000154205	333	1566952	1571672	3.605551275463989
G000154205	764	3601159	3605879	3.605551275463989
G000436435	619	3305086	3310434	3.605551275463989
G000154205	203	953386	958106	3.605551275463989
G000154205	799	3766350	3771069	3.605551275463989
G000154205	451	2123881	2128601	3.605551275463989
G000436435	523	2791674	2797022	3.605551275463989
G000154205	277	1302647	1307367	3.605551275463989
G000436435	154	818249	823597	3.605551275463989
G000154205	187	877871	882590	3.605551275463989
G000154205	677	3190542	3195261	3.605551275463989
G000154205	791	3728592	3733311	3.605551275463989
G000436435	724	3866630	3871978	3.605551275463989
G000154205	823	3879623	3884343	3.605551275463989
G000436435	257	1369097	1374445	3.605551275463989
G000436435	45	235313	240661	3.605551275463989
G000436435	514	2743542	2748890	3.605551275463989
G000154205	123	575807	580527	3.605551275463989
G000154205	376	1769901	1774621	3.605551275463989
G000154205	648	3053669	3058389	3.605551275463989
G000436435	952	5085982	5091330	3.605551275463989
G000154205	315	1481997	1486717	3.605551275463989
G000154205	895	4219444	4224164	3.605551275463989
G000154205	551	2595855	2600575	3.605551275463989
G000436435	266	1417229	1422577	3.605551275463989
G000154205	708	3336854	3341573	3.605551275463989
G000154205	574	2704409	2709129	3.605551275463989
G000154205	587	2765765	2770485	3.605551275463989
G000154205	302	1420640	1425360	3.605551275463989
G000154205	68	316222	320942	3.605551275463989
G000154205	82	382298	387018	3.605551275463989
G000154205	310	1458398	1463118	3.605551275463989
G000436435	633	3379958	3385306	3.605551275463989
G000436435	571	3048380	3053728	3.605551275463989
G000436435	811	4331909	4337257	3.605551275463989
G000154205	691	3256618	3261338	3.605551275463989
G000436435	785	4192860	4198208	3.605551275463989
G000154205	470	2213556	2218276	3.605551275463989
G000436435	657	3508311	3513659	3.605551275463989
G000154205	122	571088	575807	3.605551275463989
G000154205	9	37757	42477	3.605551275463989
G000154205	420	1977569	1982289	3.605551275463989
G000154205	305	1434800	1439519	3.605551275463989
G000154205	159	745718	750438	3.605551275463989
G000154205	803	3785229	3789948	3.605551275463989
G000154205	150	703240	707960	3.605551275463989
G000154205	23	103834	108553	3.605551275463989
G000436435	343	1829028	1834376	3.5355339059327378
G000154205	336	1581111	1585831	3.5118845842842465
G000436435	60	315534	320882	3.5118845842842465
G000154205	426	2005888	2010607	3.5118845842842465
G000154205	244	1146896	1151615	3.5118845842842465
G000154205	747	3520923	3525643	3.5118845842842465
G000436435	215	1144479	1149827	3.5118845842842465
G000436435	787	4203556	4208904	3.5118845842842465
G000436435	668	3567140	3572488	3.5118845842842465
G000436435	875	4674183	4679531	3.5118845842842465
G000436435	538	2871895	2877243	3.5118845842842465
G000436435	392	2091082	2096430	3.5118845842842465
G000436435	980	5235727	5241075	3.5118845842842465
G000436435	261	1390489	1395837	3.5118845842842465
G000436435	434	2315699	2321047	3.5118845842842465
G000436435	385	2053645	2058993	3.5118845842842465
G000154205	43	198228	202948	3.5118845842842465
G000436435	530	2829111	2834459	3.5118845842842465
G000436435	415	2214086	2219434	3.5118845842842465
G000436435	308	1641847	1647195	3.5118845842842465
G000436435	671	3583184	3588532	3.5118845842842465
G000154205	422	1987009	1991729	3.5118845842842465
G000436435	642	3428091	3433439	3.5118845842842465
G000154205	300	1411201	1415921	3.5118845842842465
G000436435	775	4139379	4144727	3.5118845842842465
G000436435	556	2968159	2973508	3.5118845842842465
G000154205	835	3936260	3940980	3.5118845842842465
G000154205	258	1212972	1217692	3.5118845842842465
G000436435	786	4198208	4203556	3.5118845842842465
G000436435	353	1882508	1887856	3.5118845842842465
G000436435	260	1385141	1390489	3.5118845842842465
G000154205	627	2954555	2959275	3.5118845842842465
G000436435	351	1871812	1877160	3.5118845842842465
G000436435	820	4380041	4385389	3.5118845842842465
G000154205	560	2638332	2643052	3.5118845842842465
G000154205	22	99114	103834	3.5118845842842465
G000436435	53	278097	283445	3.5118845842842465
G000154205	905	4266642	4271361	3.5118845842842465
G000154205	486	2289072	2293792	3.5118845842842465
G000436435	876	4679531	4684879	3.5118845842842465
G000154205	128	599406	604126	3.5118845842842465
G000436435	814	4347953	4353301	3.5118845842842465
G000154205	836	3940980	3945700	3.5118845842842465
G000154205	89	415336	420056	3.5118845842842465
G000154205	136	637164	641884	3.5118845842842465
G000436435	663	3540399	3545747	3.511884584284246
G000436435	130	689896	695244	3.511884584284246
G000436435	777	4150075	4155423	3.511884584284246
G000436435	179	951950	957298	3.511884584284246
G000436435	766	4091247	4096595	3.511884584284246
G000436435	547	2920027	2925375	3.511884584284246
G000436435	929	4962977	4968325	3.511884584284246
G000436435	506	2700758	2706106	3.511884584284246
G000436435	399	2128518	2133866	3.511884584284246
G000436435	403	2149910	2155258	3.511884584284246
G000436435	609	3251605	3256953	3.511884584284246
G000154205	127	594686	599406	3.511884584284246
G000154205	736	3469006	3473726	3.511884584284246
G000436435	322	1716719	1722067	3.511884584284246
G000436435	731	3904066	3909414	3.511884584284246
G000436435	495	2641929	2647277	3.511884584284246
G000436435	951	5080634	5085982	3.511884584284246
G000436435	871	4652791	4658139	3.511884584284246
G000436435	458	2444052	2449400	3.511884584284246
G000436435	626	3342522	3347870	3.511884584284246
G000436435	877	4684879	4690227	3.511884584284246
G000436435	184	978690	984038	3.511884584284246
G000436435	396	2112474	2117822	3.511884584284246
G000436435	648	3460179	3465527	3.511884584284246
G000436435	412	2198042	2203390	3.511884584284246
G000436435	666	3556443	3561791	3.511884584284246
G000436435	464	2476140	2481488	3.511884584284246
G000154205	749	3530363	3535083	3.4641016151377544
G000436435	158	839641	844989	3.4641016151377544
G000154205	327	1538634	1543353	3.4641016151377544
G000154205	932	4394075	4398794	3.4641016151377544
G000154205	970	4573425	4578144	3.4641016151377544
G000154205	206	967546	972265	3.4641016151377544
G000436435	115	609676	615024	3.4641016151377544
G000436435	98	518759	524107	3.4641016151377544
G000436435	870	4647443	4652791	3.4641016151377544
G000154205	106	495572	500292	3.4641016151377544
G000154205	475	2237155	2241875	3.4641016151377544
G000154205	767	3615318	3620038	3.4641016151377544
G000154205	489	2303231	2307951	3.4641016151377544
G000154205	140	656043	660763	3.4641016151377544
G000154205	579	2728007	2732727	3.4641016151377544
G000154205	889	4191126	4195846	3.4641016151377544
G000154205	925	4361036	4365756	3.4641016151377544
G000154205	942	4441272	4445992	3.4641016151377544
G000436435	892	4765100	4770448	3.4641016151377544
G000154205	696	3280217	3284936	3.4641016151377544
G000154205	309	1453678	1458398	3.4641016151377544
G000436435	923	4930889	4936237	3.4641016151377544
G000154205	308	1448959	1453678	3.4641016151377544
G000154205	352	1656627	1661347	3.4641016151377544
G000154205	418	1968130	1972850	3.4641016151377544
G000154205	842	3969298	3974018	3.4641016151377544
G000436435	136	721984	727332	3.4641016151377544
G000436435	962	5139462	5144810	3.4641016151377544
G000154205	761	3587000	3591719	3.4641016151377544
G000154205	552	2600575	2605294	3.4641016151377544
G000154205	522	2458982	2463702	3.4641016151377544
G000154205	998	4705577	4710297	3.4641016151377544
G000154205	995	4691418	4696138	3.4641016151377544
G000154205	743	3502044	3506764	3.4641016151377544
G000154205	902	4252483	4257202	3.4641016151377544
G000154205	100	467253	471973	3.4641016151377544
G000436435	199	1058911	1064259	3.4641016151377544
G000154205	449	2114442	2119161	3.4641016151377544
G000154205	778	3667235	3671955	3.4641016151377544
G000436435	711	3797105	3802453	3.4641016151377544
G000154205	446	2100282	2105002	3.4641016151377544
G000154205	967	4559265	4563985	3.4641016151377544
G000154205	861	4058973	4063693	3.4641016151377544
G000154205	338	1590551	1595271	3.4641016151377544
G000436435	568	3032336	3037684	3.4641016151377544
G000154205	951	4483750	4488469	3.4641016151377544
G000154205	682	3214140	3218860	3.4641016151377544
G000154205	728	3431248	3435968	3.4641016151377544
G000154205	523	2463702	2468422	3.4641016151377544
G000154205	76	353980	358700	3.4641016151377544
G000436435	751	4011027	4016375	3.4641016151377544
G000154205	544	2562817	2567536	3.4641016151377544
G000154205	12	51917	56636	3.4641016151377544
G000154205	671	3162223	3166943	3.4641016151377544
G000154205	650	3063109	3067829	3.4641016151377544
G000154205	571	2690250	2694969	3.4641016151377544
G000436435	922	4925541	4930889	3.4641016151377544
G000154205	161	755157	759877	3.4641016151377544
G000154205	285	1340405	1345125	3.4641016151377544
G000154205	42	193509	198228	3.4641016151377544
G000154205	527	2482581	2487301	3.4641016151377544
G000154205	615	2897918	2902638	3.4641016151377544
G000154205	952	4488469	4493189	3.4641016151377544
G000154205	639	3011192	3015911	3.4641016151377544
G000154205	651	3067829	3072548	3.4641016151377544
G000154205	474	2232435	2237155	3.4641016151377544
G000154205	194	910909	915628	3.4641016151377544
G000154205	592	2789364	2794084	3.4641016151377544
G000436435	293	1561626	1566974	3.4641016151377544
G000154205	573	2699689	2704409	3.4641016151377544
G000154205	689	3247179	3251898	3.4641016151377544
G000154205	232	1090259	1094978	3.4641016151377544
G000154205	242	1137456	1142176	3.4641016151377544
G000154205	762	3591719	3596439	3.4641016151377544
G000154205	347	1633029	1637748	3.2145502536643185
G000154205	558	2628893	2633613	3.2145502536643185
G000154205	647	3048950	3053669	3.2145502536643185
G000154205	2	4719	9439	3.2145502536643185
G000154205	491	2312671	2317390	3.2145502536643185
G000154205	117	547489	552209	3.2145502536643185
G000154205	720	3393490	3398210	3.2145502536643185
G000154205	702	3308535	3313255	3.2145502536643185
G000154205	468	2204117	2208836	3.2145502536643185
G000154205	84	391738	396457	3.2145502536643185
G000154205	35	160471	165190	3.2145502536643185
G000154205	798	3761630	3766350	3.2145502536643185
G000154205	869	4096731	4101451	3.2145502536643185
G000154205	102	476693	481413	3.2145502536643185
G000154205	26	117993	122713	3.2145502536643185
G000154205	834	3931540	3936260	3.2145502536643185
G000154205	165	774036	778756	3.2145502536643185
G000154205	878	4139209	4143929	3.2145502536643185
G000154205	668	3148064	3152784	3.2145502536643185
G000154205	614	2893198	2897918	3.2145502536643185
G000154205	287	1349844	1354564	3.2145502536643185
G000154205	175	821234	825953	3.2145502536643185
G000154205	129	604126	608846	3.2145502536643185
G000154205	912	4299680	4304400	3.2145502536643185
G000154205	602	2836561	2841281	3.2145502536643185
G000154205	618	2912077	2916797	3.2145502536643185
G000154205	319	1500876	1505596	3.2145502536643185
G000154205	632	2978154	2982873	3.2145502536643185
G000154205	717	3379331	3384051	3.2145502536643185
G000154205	953	4493189	4497909	3.2145502536643185
G000154205	863	4068413	4073133	3.2145502536643185
G000154205	11	47197	51917	3.2145502536643185
G000154205	71	330381	335101	3.2145502536643185
G000154205	680	3204701	3209421	3.2145502536643185
G000154205	948	4469590	4474310	3.2145502536643185
G000154205	77	358700	363419	3.2145502536643185
G000154205	532	2506180	2510900	3.2145502536643185
G000154205	840	3959859	3964579	3.2145502536643185
G000154205	133	623005	627725	3.2145502536643185
G000154205	665	3133905	3138625	3.2145502536643185
G000154205	833	3926821	3931540	3.2145502536643185
G000154205	453	2133321	2138040	3.2145502536643185
G000154205	612	2883759	2888479	3.2145502536643185
G000154205	368	1732143	1736863	3.2145502536643185
G000154205	590	2779925	2784644	3.2145502536643185
G000154205	119	556928	561648	3.2145502536643185
G000154205	923	4351597	4356317	3.2145502536643185
G000154205	725	3417089	3421809	3.2145502536643185
G000154205	880	4148648	4153368	3.2145502536643185
G000154205	817	3851305	3856025	3.2145502536643185
G000154205	910	4290240	4294960	3.2145502536643185
G000154205	97	453094	457814	3.2145502536643185
G000154205	538	2534498	2539218	3.2145502536643185
G000154205	34	155751	160471	3.2145502536643185
G000154205	913	4304400	4309119	3.2145502536643185
G000154205	865	4077852	4082572	3.2145502536643185
G000154205	193	906189	910909	3.2145502536643185
G000154205	108	505011	509731	3.2145502536643185
G000154205	958	4516788	4521508	3.2145502536643185
G000154205	27	122713	127432	3.2145502536643185
G000154205	172	807075	811794	3.2145502536643185
G000154205	710	3346293	3351013	3.2145502536643185
G000154205	814	3837146	3841865	3.2145502536643185
G000436435	910	4861364	4866712	3.2145502536643185
G000154205	87	405897	410617	3.2145502536643185
G000436435	181	962646	967994	3.2145502536643185
G000154205	373	1755742	1760461	3.2145502536643185
G000154205	297	1397042	1401761	3.2145502536643185
G000154205	564	2657211	2661931	3.2145502536643185
G000154205	813	3832426	3837146	3.2145502536643185
G000154205	131	613565	618285	3.2145502536643185
G000154205	706	3327414	3332134	3.2145502536643185
G000154205	476	2241875	2246594	3.2145502536643185
G000154205	866	4082572	4087292	3.2145502536643185
G000436435	40	208573	213921	3.2145502536643185
G000154205	755	3558681	3563401	3.2145502536643185
G000436435	680	3631316	3636664	3.2145502536643185
G000436435	118	625720	631068	3.2145502536643185
G000154205	388	1826538	1831257	3.2145502536643185
G000154205	561	2643052	2647772	3.2145502536643185
G000154205	325	1529194	1533914	3.2145502536643185
G000154205	283	1330965	1335685	3.2145502536643185
G000154205	70	325661	330381	3.2145502536643185
G000154205	207	972265	976985	3.2145502536643185
G000154205	820	3865464	3870184	3.2145502536643185
G000154205	741	3492605	3497325	3.2145502536643185
G000154205	575	2709129	2713848	3.2145502536643185
G000436435	759	4053811	4059159	3.2145502536643185
G000154205	274	1288488	1293207	3.2145502536643185
G000154205	525	2473142	2477861	3.2145502536643185
G000154205	871	4106171	4110890	3.2145502536643185
G000436435	405	2160606	2165954	3.2145502536643185
G000154205	148	693801	698521	3.2145502536643185
G000154205	565	2661931	2666651	3.2145502536643185
G000154205	794	3742751	3747471	3.2145502536643185
G000154205	926	4365756	4370476	3.2145502536643185
G000154205	75	349260	353980	3.2145502536643185
G000154205	3	9439	14159	3.2145502536643185
G000154205	570	2685530	2690250	3.2145502536643185
G000436435	304	1620454	1625802	3.2145502536643185
G000154205	605	2850721	2855440	3.2145502536643185
G000154205	86	401177	405897	3.2145502536643185
G000154205	88	410617	415336	3.2145502536643185
G000154205	890	4195846	4200565	3.2145502536643185
G000154205	730	3440688	3445408	3.2145502536643185
G000154205	275	1293207	1297927	3.2145502536643185
G000436435	17	85568	90916	3.2145502536643185
G000154205	660	3110306	3115026	3.2145502536643185
G000154205	684	3223580	3228300	3.2145502536643185
G000154205	536	2525059	2529779	3.2145502536643185
G000154205	31	141592	146311	3.2145502536643185
G000154205	695	3275497	3280217	3.2145502536643185
G000154205	317	1491436	1496156	3.2145502536643185
G000154205	528	2487301	2492021	3.2145502536643185
G000154205	512	2411785	2416505	3.2145502536643185
G000154205	98	457814	462534	3.2145502536643185
G000154205	914	4309119	4313839	3.2145502536643185
G000436435	190	1010778	1016126	3.2145502536643185
G000154205	419	1972850	1977569	3.2145502536643185
G000154205	653	3077268	3081988	3.2145502536643185
G000154205	694	3270777	3275497	3.2145502536643185
G000154205	959	4521508	4526227	3.2145502536643185
G000154205	411	1935092	1939811	3.2145502536643185
G000436435	616	3289042	3294390	3.2145502536643185
G000154205	641	3020631	3025351	3.2145502536643185
G000154205	656	3091427	3096147	3.2145502536643185
G000154205	289	1359284	1364003	3.2145502536643185
G000154205	37	169910	174630	3.2145502536643185
G000154205	330	1552793	1557513	3.2145502536643185
G000154205	462	2175798	2180518	3.2145502536643185
G000436435	732	3909414	3914762	3.2145502536643185
G000154205	790	3723872	3728592	3.2145502536643185
G000154205	313	1472557	1477277	3.2145502536643185
G000154205	363	1708544	1713264	3.2145502536643185
G000154205	290	1364003	1368723	3.2145502536643185
G000154205	986	4648940	4653660	3.2145502536643185
G000154205	589	2775205	2779925	3.2145502536643185
G000154205	158	740998	745718	3.2145502536643185
G000154205	432	2034206	2038926	3.2145502536643185
G000154205	414	1949251	1953971	3.2145502536643185
G000154205	434	2043646	2048365	3.2145502536643185
G000436435	872	4658139	4663487	3.214550253664318
G000154205	259	1217692	1222411	3.214550253664318
G000436435	581	3101860	3107208	3.214550253664318
G000436435	763	4075203	4080551	3.214550253664318
G000154205	299	1406481	1411201	3.214550253664318
G000154205	254	1194093	1198813	3.214550253664318
G000436435	449	2395920	2401268	3.214550253664318
G000436435	416	2219434	2224782	3.214550253664318
G000436435	606	3235561	3240909	3.214550253664318
G000154205	581	2737447	2742167	3.214550253664318
G000436435	229	1219352	1224700	3.214550253664318
G000154205	252	1184653	1189373	3.214550253664318
G000436435	213	1133783	1139131	3.214550253664318
G000436435	410	2187346	2192694	3.0550504633038935
G000436435	636	3396002	3401350	3.0550504633038935
G000154205	154	722119	726839	3.0550504633038935
G000154205	168	788196	792915	3.0550504633038935
G000436435	330	1759503	1764851	3.0550504633038935
G000436435	817	4363997	4369345	3.0550504633038935
G000436435	46	240661	246009	3.0550504633038935
G000436435	395	2107126	2112474	3.0550504633038935
G000436435	480	2561709	2567057	3.0550504633038935
G000436435	943	5037849	5043197	3.0550504633038935
G000436435	784	4187512	4192860	3.0550504633038935
G000436435	50	262053	267401	3.0550504633038935
G000436435	540	2882591	2887939	3.0550504633038935
G000436435	288	1534886	1540234	3.0550504633038935
G000154205	737	3473726	3478446	3.0550504633038935
G000436435	151	802205	807553	3.0550504633038935
G000154205	933	4398794	4403514	3.0550504633038935
G000436435	575	3069772	3075120	3.0550504633038935
G000436435	989	5283859	5289207	3.0550504633038935
G000436435	84	443886	449235	3.0550504633038935
G000436435	802	4283776	4289124	3.0550504633038935
G000154205	421	1982289	1987009	3.0550504633038935
G000436435	325	1732763	1738111	3.0550504633038935
G000154205	155	726839	731559	3.0550504633038935
G000436435	270	1438621	1443969	3.0550504633038935
G000154205	946	4460151	4464871	3.0550504633038935
G000154205	92	429496	434215	3.0550504633038935
G000154205	884	4167527	4172247	3.0550504633038935
G000436435	230	1224700	1230048	3.0550504633038935
G000436435	482	2572405	2577753	3.0550504633038935
G000154205	253	1189373	1194093	3.0550504633038935
G000154205	883	4162808	4167527	3.0550504633038935
G000154205	978	4611183	4615902	3.0550504633038935
G000154205	393	1850136	1854856	3.0550504633038935
G000436435	178	946602	951950	3.0550504633038935
G000436435	312	1663239	1668587	3.0550504633038935
G000436435	818	4369345	4374693	3.0550504633038935
G000154205	901	4247763	4252483	3.0550504633038935
G000436435	611	3262301	3267649	3.055050463303893
G000154205	73	339821	344540	3.055050463303893
G000154205	382	1798219	1802939	3.055050463303893
G000154205	499	2350429	2355148	3.055050463303893
G000154205	109	509731	514451	3.055050463303893
G000154205	701	3303815	3308535	3.055050463303893
G000436435	335	1786244	1791592	3.055050463303893
G000154205	810	3818267	3822986	3.055050463303893
G000154205	99	462534	467253	3.055050463303893
G000154205	227	1066660	1071380	3.055050463303893
G000154205	356	1675506	1680226	3.055050463303893
G000154205	586	2761046	2765765	3.055050463303893
G000154205	444	2090843	2095563	3.055050463303893
G000154205	515	2425944	2430664	3.055050463303893
G000154205	540	2543938	2548657	3.055050463303893
G000154205	830	3912661	3917381	3.055050463303893
G000154205	478	2251314	2256034	3.055050463303893
G000154205	427	2010607	2015327	3.055050463303893
G000154205	72	335101	339821	3.055050463303893
G000154205	423	1991729	1996448	3.055050463303893
G000154205	96	448375	453094	3.055050463303893
G000436435	74	390406	395754	3.055050463303893
G000154205	975	4597023	4601743	3.055050463303893
G000154205	107	500292	505011	3.055050463303893
G000436435	555	2962811	2968159	3.055050463303893
G000154205	93	434215	438935	3.055050463303893
G000154205	907	4276081	4280801	3.055050463303893
G000154205	567	2671371	2676090	3.055050463303893
G000154205	697	3284936	3289656	3.055050463303893
G000154205	188	882590	887310	3.055050463303893
G000436435	845	4513742	4519090	3.055050463303893
G000154205	994	4686698	4691418	3.055050463303893
G000154205	703	3313255	3317975	3.055050463303893
G000154205	609	2869600	2874319	3.055050463303893
G000154205	740	3487885	3492605	3.055050463303893
G000154205	929	4379915	4384635	3.055050463303893
G000154205	591	2784644	2789364	3.055050463303893
G000154205	365	1717984	1722704	3.055050463303893
G000436435	382	2037601	2042949	3.055050463303893
G000154205	715	3369892	3374611	3.055050463303893
G000154205	284	1335685	1340405	3.055050463303893
G000154205	303	1425360	1430080	3.055050463303893
G000154205	445	2095563	2100282	3.055050463303893
G000154205	472	2222996	2227715	3.055050463303893
G000154205	506	2383467	2388186	3.055050463303893
G000154205	685	3228300	3233019	3.055050463303893
G000154205	318	1496156	1500876	3.055050463303893
G000154205	509	2397626	2402346	3.055050463303893
G000154205	177	830673	835393	3.055050463303893
G000154205	937	4417673	4422393	3.055050463303893
G000154205	807	3804108	3808827	3.055050463303893
G000154205	758	3572840	3577560	3.055050463303893
G000154205	7	28318	33038	3.055050463303893
G000436435	661	3529703	3535051	3.055050463303893
G000436435	510	2722150	2727498	3.055050463303893
G000154205	751	3539802	3544522	3.055050463303893
G000154205	78	363419	368139	3.055050463303893
G000154205	4	14159	18878	3.055050463303893
G000154205	604	2846001	2850721	3.055050463303893
G000154205	585	2756326	2761046	3.055050463303893
G000154205	974	4592304	4597023	3.055050463303893
G000154205	800	3771069	3775789	3.055050463303893
G000154205	415	1953971	1958690	3.055050463303893
G000154205	977	4606463	4611183	3.055050463303893
G000154205	386	1817098	1821818	3.055050463303893
G000154205	597	2812963	2817682	3.055050463303893
G000154205	50	231267	235986	3.055050463303893
G000436435	961	5134114	5139462	3.055050463303893
G000154205	944	4450711	4455431	3.055050463303893
G000154205	214	1005303	1010023	3.055050463303893
G000154205	797	3756910	3761630	3.055050463303893
G000154205	900	4243043	4247763	3.055050463303893
G000154205	808	3808827	3813547	3.055050463303893
G000154205	947	4464871	4469590	3.055050463303893
G000154205	424	1996448	2001168	3.055050463303893
G000154205	354	1666067	1670786	3.055050463303893
G000154205	45	207668	212388	3.055050463303893
G000154205	90	420056	424776	3.055050463303893
G000154205	938	4422393	4427113	3.055050463303893
G000154205	633	2982873	2987593	3.055050463303893
G000154205	95	443655	448375	3.055050463303893
G000154205	36	165190	169910	3.055050463303893
G000154205	197	925068	929788	3.055050463303893
G000154205	759	3577560	3582280	3.055050463303893
G000154205	469	2208836	2213556	3.055050463303893
G000154205	369	1736863	1741582	3.055050463303893
G000154205	292	1373443	1378163	3.055050463303893
G000154205	391	1840697	1845417	3.055050463303893
G000154205	920	4337438	4342158	3.055050463303893
G000154205	195	915628	920348	3.055050463303893
G000436435	144	764769	770117	3.055050463303893
G000154205	448	2109722	2114442	3.055050463303893
G000154205	989	4663100	4667819	3.055050463303893
G000154205	452	2128601	2133321	3.055050463303893
G000154205	853	4021215	4025935	3.055050463303893
G000154205	950	4479030	4483750	3.055050463303893
G000154205	118	552209	556928	3.055050463303893
G000154205	40	184069	188789	3.055050463303893
G000154205	350	1647188	1651907	3.055050463303893
G000154205	915	4313839	4318559	3.055050463303893
G000154205	477	2246594	2251314	3.055050463303893
G000154205	485	2284352	2289072	3.055050463303893
G000154205	772	3638917	3643636	3.055050463303893
G000154205	519	2444823	2449543	3.055050463303893
G000154205	202	948667	953386	3.055050463303893
G000154205	314	1477277	1481997	3.055050463303893
G000154205	81	377578	382298	3.055050463303893
G000436435	28	144396	149745	3.055050463303893
G000154205	534	2515619	2520339	3.055050463303893
G000154205	727	3426529	3431248	3.055050463303893
G000154205	893	4210005	4214725	3.055050463303893
G000154205	572	2694969	2699689	3.055050463303893
G000154205	984	4639501	4644221	3.055050463303893
G000154205	930	4384635	4389355	3.0
G000154205	690	3251898	3256618	3.0
G000154205	114	533330	538050	3.0
G000154205	335	1576392	1581111	3.0
G000436435	707	3775713	3781061	3.0
G000436435	531	2834459	2839807	3.0
G000436435	417	2224782	2230131	3.0
G000436435	691	3690144	3695492	3.0
G000436435	675	3604576	3609924	3.0
G000154205	626	2949835	2954555	3.0
G000154205	120	561648	566368	3.0
G000436435	574	3064424	3069772	3.0
G000154205	657	3096147	3100867	3.0
G000154205	366	1722704	1727423	3.0
G000436435	744	3973590	3978938	3.0
G000436435	635	3390654	3396002	3.0
G000154205	67	311502	316222	3.0
G000154205	189	887310	892030	3.0
G000154205	385	1812379	1817098	3.0
G000154205	821	3870184	3874904	3.0
G000436435	688	3674100	3679448	3.0
G000436435	908	4850668	4856016	3.0
G000154205	441	2076684	2081404	3.0
G000436435	643	3433439	3438787	3.0
G000436435	631	3369262	3374610	3.0
G000436435	255	1358401	1363749	3.0
G000154205	993	4681979	4686698	3.0
G000154205	965	4549826	4554546	3.0
G000154205	301	1415921	1420640	3.0
G000436435	641	3422743	3428091	3.0
G000154205	795	3747471	3752190	3.0
G000436435	128	679200	684548	3.0
G000154205	234	1099698	1104418	3.0
G000154205	608	2864880	2869600	3.0
G000436435	509	2716802	2722150	3.0
G000154205	857	4040094	4044814	3.0
G000436435	796	4251688	4257036	3.0
G000154205	125	585247	589967	3.0
G000154205	881	4153368	4158088	3.0
G000154205	298	1401761	1406481	3.0
G000154205	712	3355733	3360452	3.0
G000154205	121	566368	571088	3.0
G000154205	408	1920932	1925652	2.886751345948129
G000436435	167	887773	893122	2.886751345948129
G000154205	847	3992897	3997617	2.8867513459481287
G000436435	397	2117822	2123170	2.8867513459481287
G000154205	535	2520339	2525059	2.8867513459481287
G000154205	6	23598	28318	2.8867513459481287
G000154205	719	3388771	3393490	2.8867513459481287
G000154205	384	1807659	1812379	2.8867513459481287
G000154205	416	1958690	1963410	2.8867513459481287
G000154205	779	3671955	3676675	2.8867513459481287
G000154205	637	3001752	3006472	2.8867513459481287
G000154205	683	3218860	3223580	2.8867513459481287
G000154205	862	4063693	4068413	2.8867513459481287
G000436435	298	1588366	1593714	2.8867513459481287
G000154205	91	424776	429496	2.8867513459481287
G000154205	945	4455431	4460151	2.8867513459481287
G000154205	991	4672539	4677259	2.8867513459481287
G000154205	328	1543353	1548073	2.8867513459481287
G000154205	804	3789948	3794668	2.8867513459481287
G000154205	345	1623589	1628309	2.8867513459481287
G000154205	662	3119746	3124465	2.8867513459481287
G000154205	53	245426	250146	2.8867513459481287
G000154205	435	2048365	2053085	2.8867513459481287
G000154205	220	1033622	1038342	2.8867513459481287
G000154205	267	1255450	1260169	2.8867513459481287
G000154205	828	3903222	3907942	2.8867513459481287
G000154205	279	1312086	1316806	2.8867513459481287
G000154205	673	3171663	3176383	2.8867513459481287
G000154205	649	3058389	3063109	2.8867513459481287
G000154205	780	3676675	3681394	2.8867513459481287
G000154205	619	2916797	2921517	2.8867513459481287
G000154205	824	3884343	3889063	2.8867513459481287
G000154205	132	618285	623005	2.8867513459481287
G000154205	48	221827	226547	2.8867513459481287
G000154205	490	2307951	2312671	2.8867513459481287
G000154205	74	344540	349260	2.8867513459481287
G000154205	768	3620038	3624758	2.8867513459481287
G000154205	443	2086123	2090843	2.8867513459481287
G000436435	573	3059076	3064424	2.8867513459481287
G000154205	822	3874904	3879623	2.8867513459481287
G000436435	681	3636664	3642012	2.6457513110645907
G000154205	16	70796	75515	2.6457513110645907
G000436435	108	572239	577587	2.6457513110645907
G000436435	121	641764	647112	2.6457513110645907
G000154205	754	3553961	3558681	2.6457513110645907
G000436435	139	738028	743377	2.6457513110645907
G000154205	765	3605879	3610598	2.6457513110645907
G000154205	607	2860160	2864880	2.6457513110645907
G000436435	341	1818332	1823680	2.6457513110645907
G000154205	721	3398210	3402930	2.6457513110645907
G000436435	823	4396085	4401433	2.6457513110645907
G000436435	860	4593962	4599310	2.6457513110645907
G000436435	97	513411	518759	2.6457513110645907
G000154205	990	4667819	4672539	2.6457513110645907
G000436435	937	5005761	5011109	2.6457513110645907
G000154205	955	4502629	4507348	2.6457513110645907
G000436435	320	1706023	1711371	2.6457513110645907
G000154205	640	3015911	3020631	2.6457513110645907
G000154205	674	3176383	3181102	2.6457513110645907
G000154205	496	2336269	2340989	2.6457513110645907
G000154205	562	2647772	2652492	2.6457513110645907
G000154205	529	2492021	2496740	2.6457513110645907
G000154205	927	4370476	4375196	2.6457513110645907
G000154205	774	3648356	3653076	2.6457513110645907
G000154205	326	1533914	1538634	2.6457513110645907
G000436435	119	631068	636416	2.6457513110645907
G000154205	324	1524475	1529194	2.6457513110645907
G000154205	739	3483165	3487885	2.6457513110645907
G000154205	374	1760461	1765181	2.6457513110645907
G000154205	775	3653076	3657796	2.6457513110645907
G000154205	588	2770485	2775205	2.6457513110645907
G000154205	65	302063	306782	2.6457513110645907
G000154205	596	2808243	2812963	2.6457513110645907
G000154205	32	146311	151031	2.6457513110645907
G000436435	462	2465444	2470792	2.6457513110645907
G000154205	982	4630061	4634781	2.6457513110645907
G000436435	263	1401185	1406533	2.6457513110645907
G000154205	904	4261922	4266642	2.6457513110645907
G000154205	15	66076	70796	2.6457513110645907
G000154205	726	3421809	3426529	2.6457513110645907
G000154205	225	1057221	1061940	2.6457513110645907
G000154205	394	1854856	1859576	2.6457513110645907
G000154205	46	212388	217107	2.6457513110645907
G000154205	705	3322694	3327414	2.6457513110645907
G000154205	126	589967	594686	2.6457513110645907
G000154205	38	174630	179350	2.6457513110645907
G000154205	270	1269609	1274328	2.6457513110645907
G000154205	355	1670786	1675506	2.6457513110645907
G000154205	742	3497325	3502044	2.6457513110645907
G000436435	394	2101778	2107126	2.6457513110645907
G000154205	178	835393	840113	2.6457513110645907
G000154205	291	1368723	1373443	2.6457513110645907
G000154205	879	4143929	4148648	2.6457513110645907
G000154205	616	2902638	2907357	2.6457513110645907
G000154205	492	2317390	2322110	2.6457513110645907
G000154205	272	1279048	1283768	2.6457513110645907
G000154205	675	3181102	3185822	2.6457513110645907
G000154205	162	759877	764597	2.6457513110645907
G000154205	334	1571672	1576392	2.6457513110645907
G000154205	855	4030655	4035375	2.6457513110645907
G000436435	667	3561791	3567140	2.6457513110645907
G000154205	748	3525643	3530363	2.6457513110645907
G000154205	980	4620622	4625342	2.6457513110645907
G000154205	137	641884	646603	2.6457513110645907
G000154205	954	4497909	4502629	2.6457513110645907
G000154205	240	1128017	1132736	2.6457513110645907
G000154205	848	3997617	4002336	2.6457513110645907
G000154205	882	4158088	4162808	2.6457513110645907
G000436435	627	3347870	3353218	2.6457513110645907
G000436435	928	4957629	4962977	2.6457513110645907
G000436435	696	3716885	3722233	2.6457513110645907
G000436435	262	1395837	1401185	2.6457513110645907
G000436435	300	1599062	1604410	2.6457513110645907
G000154205	868	4092011	4096731	2.6457513110645907
G000154205	455	2142760	2147480	2.6457513110645907
G000154205	235	1104418	1109138	2.6457513110645907
G000436435	895	4781144	4786492	2.6457513110645907
G000154205	124	580527	585247	2.6457513110645907
G000154205	555	2614734	2619454	2.6457513110645907
G000154205	39	179350	184069	2.6457513110645907
G000154205	521	2454263	2458982	2.6457513110645907
G000154205	25	113273	117993	2.6457513110645907
G000154205	216	1014743	1019463	2.6457513110645907
G000154205	24	108553	113273	2.5166114784235836
G000436435	212	1128435	1133783	2.5166114784235836
G000154205	28	127432	132152	2.5166114784235836
G000154205	699	3294376	3299096	2.5166114784235836
G000154205	802	3780509	3785229	2.5166114784235836
G000154205	174	816514	821234	2.5166114784235836
G000154205	546	2572256	2576976	2.5166114784235836
G000154205	963	4540386	4545106	2.5166114784235836
G000154205	899	4238323	4243043	2.5166114784235836
G000154205	992	4677259	4681979	2.5166114784235836
G000436435	720	3845237	3850585	2.5166114784235836
G000154205	233	1094978	1099698	2.5166114784235836
G000154205	249	1170494	1175214	2.5166114784235836
G000154205	654	3081988	3086707	2.5166114784235836
G000154205	514	2421225	2425944	2.5166114784235836
G000154205	349	1642468	1647188	2.5166114784235836
G000154205	961	4530947	4535667	2.5166114784235836
G000154205	173	811794	816514	2.5166114784235836
G000436435	679	3625968	3631316	2.5166114784235836
G000154205	520	2449543	2454263	2.5166114784235836
G000154205	383	1802939	1807659	2.5166114784235836
G000436435	701	3743625	3748973	2.5166114784235836
G000436435	778	4155423	4160772	2.5166114784235836
G000154205	395	1859576	1864296	2.5166114784235836
G000436435	960	5128766	5134114	2.5166114784235836
G000154205	433	2038926	2043646	2.5166114784235836
G000436435	647	3454831	3460179	2.5166114784235836
G000154205	630	2968714	2973434	2.5166114784235836
G000154205	976	4601743	4606463	2.5166114784235836
G000154205	541	2548657	2553377	2.5166114784235836
G000154205	348	1637748	1642468	2.5166114784235836
G000154205	103	481413	486132	2.5166114784235836
G000154205	153	717400	722119	2.5166114784235836
G000154205	196	920348	925068	2.5166114784235836
G000154205	215	1010023	1014743	2.5166114784235836
G000436435	632	3374610	3379958	2.5166114784235836
G000154205	116	542769	547489	2.5166114784235836
G000436435	180	957298	962646	2.5166114784235836
G000154205	1000	4715017	4719738	2.5166114784235836
G000154205	777	3662515	3667235	2.5166114784235836
G000154205	812	3827706	3832426	2.5166114784235836
G000154205	311	1463118	1467838	2.5166114784235836
G000154205	969	4568705	4573425	2.516611478423583
G000154205	407	1916213	1920932	2.516611478423583
G000154205	508	2392906	2397626	2.516611478423583
G000436435	774	4134031	4139379	2.516611478423583
G000436435	637	3401350	3406698	2.516611478423583
G000436435	838	4476306	4481654	2.516611478423583
G000436435	949	5069938	5075286	2.516611478423583
G000436435	769	4107291	4112639	2.516611478423583
G000154205	256	1203532	1208252	2.516611478423583
G000154205	307	1444239	1448959	2.516611478423583
G000436435	549	2930723	2936071	2.516611478423583
G000154205	182	854272	858992	2.516611478423583
G000154205	872	4110890	4115610	2.516611478423583
G000436435	835	4460262	4465610	2.516611478423583
G000436435	572	3053728	3059076	2.516611478423583
G000154205	979	4615902	4620622	2.516611478423583
G000436435	848	4529786	4535134	2.516611478423583
G000154205	757	3568121	3572840	2.3094010767585034
G000436435	672	3588532	3593880	2.3094010767585034
G000154205	346	1628309	1633029	2.3094010767585034
G000154205	569	2680810	2685530	2.3094010767585034
G000154205	442	2081404	2086123	2.3094010767585034
G000154205	191	896750	901469	2.3094010767585034
G000436435	123	652460	657808	2.3094010767585034
G000436435	500	2668669	2674018	2.3094010767585034
G000154205	887	4181686	4186406	2.3094010767585034
G000436435	120	636416	641764	2.3094010767585034
G000154205	858	4044814	4049534	2.3094010767585034
G000154205	494	2326830	2331550	2.3094010767585034
G000154205	849	4002336	4007056	2.3094010767585034
G000154205	262	1231851	1236571	2.309401076758503
G000154205	409	1925652	1930372	2.309401076758503
G000436435	377	2010861	2016209	2.309401076758503
G000436435	768	4101943	4107291	2.309401076758503
G000436435	2	5348	10696	2.1213203435596424
G000436435	584	3117904	3123253	2.1213203435596424
G000436435	272	1449317	1454665	2.081665999466133
G000436435	35	181833	187181	2.081665999466133
G000154205	255	1198813	1203532	2.081665999466133
G000436435	256	1363749	1369097	2.081665999466133
G000436435	430	2294307	2299655	2.081665999466133
G000436435	398	2123170	2128518	2.081665999466133
G000436435	319	1700675	1706023	2.081665999466133
G000436435	918	4904149	4909497	2.081665999466133
G000436435	161	855685	861033	2.081665999466133
G000154205	322	1515035	1519755	2.081665999466133
G000154205	236	1109138	1113857	2.081665999466133
G000436435	316	1684631	1689979	2.081665999466133
G000154205	454	2138040	2142760	2.081665999466133
G000436435	198	1053563	1058911	2.081665999466133
G000154205	406	1911493	1916213	2.0816659994661326
G000154205	228	1071380	1076100	2.0816659994661326
G000436435	765	4085899	4091247	2.0816659994661326
G000154205	226	1061940	1066660	2.0816659994661326
G000436435	623	3326478	3331826	2.0816659994661326
G000154205	611	2879039	2883759	2.0816659994661326
G000436435	428	2283611	2288959	2.0816659994661326
G000154205	860	4054254	4058973	2.0816659994661326
G000154205	856	4035375	4040094	2.0816659994661326
G000154205	962	4535667	4540386	2.0816659994661326
G000154205	658	3100867	3105586	2.0816659994661326
G000154205	224	1052501	1057221	2.0816659994661326
G000154205	367	1727423	1732143	2.0816659994661326
G000436435	289	1540234	1545582	2.0816659994661326
G000436435	622	3321130	3326478	2.0816659994661326
G000154205	412	1939811	1944531	2.0816659994661326
G000436435	548	2925375	2930723	2.0816659994661326
G000436435	639	3412046	3417395	2.0816659994661326
G000154205	237	1113857	1118577	2.0816659994661326
G000154205	507	2388186	2392906	2.0816659994661326
G000154205	295	1387602	1392322	2.0816659994661326
G000436435	499	2663321	2668669	2.0816659994661326
G000154205	223	1047781	1052501	2.0816659994661326
G000154205	750	3535083	3539802	2.0816659994661326
G000154205	167	783476	788196	2.0
G000154205	583	2746886	2751606	2.0
G000436435	122	647112	652460	2.0
G000436435	271	1443969	1449317	2.0
G000154205	156	731559	736278	2.0
G000154205	166	778756	783476	2.0
G000154205	278	1307367	1312086	2.0
G000154205	239	1123297	1128017	2.0
G000154205	805	3794668	3799388	2.0
G000154205	460	2166359	2171079	2.0
G000154205	886	4176967	4181686	2.0
G000154205	888	4186406	4191126	2.0
G000154205	410	1930372	1935092	2.0
G000436435	829	4428173	4433521	2.0
G000154205	94	438935	443655	2.0
G000154205	909	4285521	4290240	2.0
G000436435	582	3107208	3112556	2.0
G000154205	711	3351013	3355733	2.0
G000154205	843	3974018	3978738	2.0
G000154205	142	665482	670202	2.0
G000154205	624	2940396	2945115	1.7320508075688772
G000436435	250	1331660	1337009	1.7320508075688772
G000436435	683	3647360	3652708	1.7320508075688772
G000436435	476	2540317	2545665	1.7320508075688772
G000154205	294	1382882	1387602	1.7320508075688772
G000154205	399	1878455	1883175	1.7320508075688772
G000154205	770	3629477	3634197	1.7320508075688772
G000436435	82	433190	438538	1.7320508075688772
G000436435	682	3642012	3647360	1.7320508075688772
G000154205	296	1392322	1397042	1.7320508075688772
G000436435	197	1048215	1053563	1.7320508075688772
G000436435	760	4059159	4064507	1.7320508075688772
G000154205	997	4700858	4705577	1.7320508075688772
G000154205	358	1684946	1689665	1.7320508075688772
G000154205	400	1883175	1887894	1.5275252316519468
G000154205	403	1897334	1902054	1.5275252316519468
G000436435	32	165789	171137	1.5275252316519468
G000154205	503	2369307	2374027	1.5275252316519468
G000436435	427	2278263	2283611	1.5275252316519468
G000154205	143	670202	674922	1.5275252316519468
G000154205	784	3695554	3700273	1.5275252316519468
G000154205	436	2053085	2057805	1.5275252316519468
G000154205	845	3983458	3988177	1.5275252316519468
G000436435	36	187181	192529	1.5275252316519468
G000154205	582	2742167	2746886	1.5275252316519468
G000436435	193	1026822	1032170	1.5275252316519468
G000436435	8	37436	42784	1.5275252316519468
G000436435	974	5203639	5208987	1.5275252316519468
G000154205	357	1680226	1684946	1.5275252316519468
G000154205	111	519171	523890	1.5275252316519468
G000154205	381	1793500	1798219	1.5275252316519468
G000436435	338	1802288	1807636	1.5275252316519468
G000154205	139	651323	656043	1.5275252316519468
G000154205	617	2907357	2912077	1.5275252316519468
G000154205	981	4625342	4630061	1.5275252316519468
G000154205	783	3690834	3695554	1.5275252316519465
G000154205	404	1902054	1906773	1.5275252316519465
G000436435	767	4096595	4101943	1.5275252316519465
G000436435	321	1711371	1716719	1.5275252316519465
G000154205	402	1892614	1897334	1.5275252316519465
G000154205	170	797635	802355	1.5275252316519465
G000154205	260	1222411	1227131	1.5275252316519465
G000154205	440	2071964	2076684	1.5275252316519465
G000154205	238	1118577	1123297	1.5275252316519465
G000436435	481	2567057	2572405	1.5275252316519465
G000154205	18	80235	84955	1.5275252316519465
G000154205	112	523890	528610	1.5275252316519465
G000436435	33	171137	176485	1.5275252316519465
G000154205	396	1864296	1869015	1.5275252316519465
G000154205	321	1510315	1515035	1.5275252316519465
G000154205	405	1906773	1911493	1.5275252316519465
G000154205	885	4172247	4176967	1.4142135623730951
G000436435	346	1845072	1850420	1.4142135623730951
G000154205	30	136872	141592	1.4142135623730951
G000154205	463	2180518	2185238	1.4142135623730951
G000436435	31	160441	165789	1.1547005383792517
G000154205	181	849552	854272	1.1547005383792517
G000154205	171	802355	807075	1.1547005383792517
G000436435	81	427842	433190	1.1547005383792517
G000154205	437	2057805	2062525	1.1547005383792517
G000436435	971	5187594	5192942	1.1547005383792517
G000154205	397	1869015	1873735	1.1547005383792517
G000436435	231	1230048	1235396	1.1547005383792515
G000436435	824	4401433	4406781	1.1547005383792515
G000436435	423	2256871	2262219	1.1547005383792515
G000436435	65	342274	347622	1.1547005383792515
G000154205	169	792915	797635	1.1547005383792515
G000154205	502	2364588	2369307	1.1547005383792515
G000154205	678	3195261	3199981	1.1547005383792515
G000436435	196	1042867	1048215	1.1547005383792515
G000154205	54	250146	254865	1.0
G000154205	438	2062525	2067244	1.0
G000436435	7	32088	37436	1.0
G000436435	34	176485	181833	1.0
G000154205	250	1175214	1179934	1.0
G000436435	194	1032170	1037518	1.0
G000436435	340	1812984	1818332	1.0
G000436435	826	4412129	4417477	1.0
G000436435	58	304838	310186	1.0
G000154205	877	4134489	4139209	1.0
G000154205	398	1873735	1878455	1.0
G000436435	624	3331826	3337174	1.0
G000154205	854	4025935	4030655	1.0
G000436435	583	3112556	3117904	1.0
G000154205	874	4120330	4125050	1.0
G000436435	516	2754238	2759586	1.0
G000154205	20	89675	94394	1.0
G000154205	431	2029486	2034206	1.0
G000154205	625	2945115	2949835	1.0
G000436435	342	1823680	1829028	1.0
G000154205	359	1689665	1694385	1.0
G000436435	387	2064341	2069689	1.0
G000436435	546	2914679	2920027	1.0
G000154205	160	750438	755157	1.0
G000436435	83	438538	443886	1.0
G000436435	232	1235396	1240744	0.7071067811865476
G000154205	875	4125050	4129769	0.7071067811865476
G000154205	876	4129769	4134489	0.7071067811865476
G000154205	62	287903	292623	0.7071067811865476
G000154205	59	273744	278464	0.7071067811865476
G000154205	63	292623	297343	0.7071067811865476
G000154205	61	283184	287903	0.7071067811865476
G000154205	57	264305	269025	0.7071067811865476
G000154205	19	84955	89675	0.7071067811865476
G000436435	393	2096430	2101778	0.5773502691896258
G000154205	785	3700273	3704993	0.5773502691896258
G000154205	679	3199981	3204701	0.5773502691896258
G000154205	323	1519755	1524475	0.5773502691896258
G000436435	446	2379876	2385224	0.5773502691896258
G000154205	21	94394	99114	0.5773502691896258
G000154205	361	1699105	1703825	0.5773502691896258
G000436435	421	2246175	2251523	0.5773502691896257
G000154205	56	259585	264305	0.5773502691896257
G000436435	825	4406781	4412129	0.5773502691896257
G000154205	29	132152	136872	0.5773502691896257
G000436435	422	2251523	2256871	0.5773502691896257
G000154205	430	2024767	2029486	0.5773502691896257
G000436435	445	2374527	2379876	0.5773502691896257
G000436435	699	3732929	3738277	0.5773502691896257
G000154205	184	863711	868431	0.5773502691896257
G000436435	439	2342439	2347787	0.5773502691896257
G000154205	183	858992	863711	0.5773502691896257
G000154205	230	1080819	1085539	0.5773502691896257
G000436435	80	422494	427842	0.5773502691896257
G000436435	1	0	5348	0.5773502691896257
G000154205	110	514451	519171	0.5773502691896255
G000154205	401	1887894	1892614	0.5773502691896255
G000154205	789	3719152	3723872	0.0
G000154205	782	3686114	3690834	0.0
G000154205	465	2189957	2194677	0.0
G000154205	55	254865	259585	0.0
G000436435	444	2369179	2374527	0.0
G000154205	787	3709713	3714433	0.0
G000154205	60	278464	283184	0.0
G000436435	917	4898800	4904149	0.0
G000154205	58	269025	273744	0.0
G000154205	64	297343	302063	0.0
G000436435	700	3738277	3743625	0.0
G000154205	466	2194677	2199397	0.0
G000154205	934	4403514	4408234	0.0
G000436435	339	1807636	1812984	0.0
G000154205	429	2020047	2024767	0.0
G000436435	57	299490	304838	0.0
G000154205	464	2185238	2189957	0.0
G000154205	936	4412954	4417673	0.0
G000154205	788	3714433	3719152	0.0
G000154205	467	2199397	2204117	0.0
G000154205	439	2067244	2071964	0.0
G000436435	916	4893452	4898800	0.0
G000154205	786	3704993	3709713	0.0
